REPO NAME,FILE NAME,DEFAULT NAMESPACE,HTTP WITHOUT TLS,MISSING SECURITY CONTEXT,PRIVILEGE ESCALATION,USPECIFIED PRIVILEGE ESCALATION,ROOT PRIVILEGE,NO ROLLING UPDATE,USERNAME,PASSWORD,KEY,SECURE FLAG
urlshortener,stats-controller.yaml,0,0,0,0,0,0,0,0,0,0,False
urlshortener,urlservice-service.yaml,0,0,0,0,0,0,0,0,0,0,False
urlshortener,stats-service.yaml,0,0,0,0,0,0,0,0,0,0,False
urlshortener,urlservice-controller.yaml,0,0,0,0,0,0,0,0,0,0,False
urlshortener,frontend-controller.yaml,0,0,0,0,0,0,0,0,0,0,False
urlshortener,frontend-service.yaml,0,0,0,0,0,0,0,0,0,0,False
urlshortener,mongo-service.yaml,0,0,0,0,0,0,0,0,0,0,False
urlshortener,mongo-controller.yaml,0,0,0,0,0,0,0,0,0,0,False
k8s-microservices,database-service.yaml,0,0,0,0,0,0,0,0,0,0,False
k8s-microservices,webapp-pod.yaml,0,0,1,0,0,0,0,0,0,0,True
k8s-microservices,database-config.yaml,0,0,0,0,0,0,0,0,0,0,False
k8s-microservices,queue-service.yaml,0,0,0,0,0,0,0,0,0,0,False
k8s-microservices,database-pod.yaml,0,0,1,0,0,0,0,0,0,0,True
k8s-microservices,webapp-replica.yaml,0,0,0,0,0,0,1,0,0,0,True
k8s-microservices,webapp-service.yaml,0,0,0,0,0,0,0,0,0,0,False
k8s-microservices,webapp-deployment.yaml,0,0,0,0,0,0,1,0,0,0,True
k8s-microservices,queue-pod.yaml,0,0,1,0,0,0,0,0,0,0,True
k8s-microservices,ingress-configmap-l4.yaml,0,0,0,0,0,0,0,0,0,0,False
k8s-microservices,elastic-stack.yaml,0,0,0,0,0,0,0,0,0,0,False
k8s-microservices,alertmanager.yaml,0,0,0,0,0,0,0,0,0,0,False
k8s-microservices,services.yaml,0,0,0,0,0,0,0,0,0,0,False
k8s-microservices,ingress.yaml,0,0,0,0,0,0,0,0,0,0,False
k8s-microservices,fluentd-config.yaml,0,1,0,0,0,0,0,0,0,0,True
k8s-microservices,ingress-mandatory.yaml,0,0,0,0,0,0,0,0,0,0,False
k8s-microservices,ingress-service-l4.yaml,0,0,0,0,0,0,0,0,0,0,False
k8s-microservices,workloads.yaml,0,0,0,0,0,0,0,0,0,0,False
k8s-microservices,storage.yaml,0,0,0,0,0,0,0,0,0,0,False
k8s-microservices,mongo-stack.yaml,0,0,0,0,0,0,0,0,0,0,False
k8s-microservices,jenkins.yaml,1,0,0,0,0,0,0,0,0,0,True
k8s-microservices,services.yaml,0,0,0,0,0,0,0,0,0,0,False
k8s-microservices,workloads.yaml,0,0,0,0,0,0,0,0,0,0,False
k8s-microservices,storage.yaml,0,0,0,0,0,0,0,0,0,0,False
k8s-microservices,mongo-stack.yaml,0,0,0,0,0,0,0,0,0,0,False
spring-boot-k8s-microservices,pod.yml,1,0,1,0,0,0,0,0,0,0,True
spring-boot-k8s-microservices,application.yml,0,0,0,0,0,0,0,0,0,0,False
kubetest,countriesassembly-service.yaml,0,0,0,0,0,0,0,0,0,0,False
kubetest,ambassador-no-rbac.yaml,0,0,0,0,0,0,0,0,0,0,False
kubetest,airportssassembly-service.yaml,0,0,0,0,0,0,0,0,0,0,False
kubetest,ambassador-service.yaml,0,0,0,0,0,0,0,0,0,0,False
AWSCloud-Project3,ingress-srv.yaml,0,0,0,0,0,0,0,0,0,0,False
AWSCloud-Project3,feed-depl.yaml,0,0,0,0,0,0,0,0,0,0,False
kubernetes-pod-ip-finder,controller.yaml,0,0,0,0,0,0,0,0,0,0,False
kubernetes-pod-ip-finder,service.yaml,0,0,0,0,0,0,0,0,0,0,False
springboot_kubernetes,application.yml,0,0,0,0,0,0,0,0,0,0,False
springboot_kubernetes,application.yml,0,0,0,0,0,0,0,0,0,0,False
springboot_kubernetes,application.yml,0,0,0,0,0,0,0,0,0,0,False
springboot_kubernetes,application.yml,0,0,0,0,0,0,0,0,0,0,False
hello-kubernetes,zookeeper.yaml,0,0,0,0,0,0,0,0,0,0,False
hello-kubernetes,kafka.yaml,0,0,0,0,0,0,0,0,0,0,False
project_kubernetes_microservices,config.yml,0,0,0,0,0,0,0,0,0,1,True
Docker-and-Kubernetes,deployment.yml,0,0,0,0,0,0,0,0,0,0,False
Docker-and-Kubernetes,.travis.yml,0,0,0,0,0,0,0,0,0,0,False
Docker-and-Kubernetes,.travis.yml,0,0,0,0,0,0,0,0,0,0,False
Docker-and-Kubernetes,.travis.yml,0,0,0,0,0,0,0,0,0,0,False
Docker-and-Kubernetes,.coveralls.yml,0,0,0,0,0,0,0,0,0,0,False
Docker-and-Kubernetes,.travis.yml,0,0,0,0,0,0,0,0,0,0,False
calculator-k8s,.travis.yml,0,0,0,0,0,0,0,0,0,0,False
calculator-k8s,ingress-service.yml,0,0,0,0,0,0,0,0,0,0,False
calculator-k8s,handler-config.yml,0,0,0,0,0,0,0,0,0,1,True
calculator-k8s,calculator-demon-config.yml,0,0,0,0,0,0,0,0,0,0,False
calculator-k8s,redis-config.yml,0,0,0,0,0,0,0,0,0,0,False
calculator-k8s,postgres-config.yml,0,0,0,0,0,0,0,0,0,0,False
calculator-k8s,web-config.yml,0,0,0,0,0,0,0,0,0,0,False
calculator-k8s,api-config.yml,0,0,0,0,0,0,0,0,0,1,True
calculator-k8s,ingress-service.yml,0,0,0,0,0,0,0,0,0,0,False
calculator-k8s,handler-config.yml,0,0,0,0,0,0,0,0,0,1,True
calculator-k8s,calculator-demon-config.yml,0,0,0,0,0,0,0,0,0,0,False
calculator-k8s,redis-config.yml,0,0,0,0,0,0,0,0,0,0,False
calculator-k8s,postgres-config.yml,0,0,0,0,0,0,0,0,0,1,True
calculator-k8s,web-config.yml,0,0,0,0,0,0,0,0,0,0,False
calculator-k8s,api-config.yml,0,0,0,0,0,0,0,0,0,1,True
calculator-k8s,ingress-service.yml,0,0,0,0,0,0,0,0,0,0,False
calculator-k8s,mandatory.yaml,0,0,0,0,0,0,0,0,0,0,False
calculator-k8s,service-l4.yaml,0,0,0,0,0,0,0,0,0,0,False
calculator-k8s,patch-configmap-l4.yaml,0,0,0,0,0,0,0,0,0,0,False
calculator-k8s,fluentd-config.yaml,0,1,0,0,0,0,0,0,0,0,True
calculator-k8s,elastic-stack.3.yaml,0,0,0,0,0,0,0,0,0,0,False
calculator-k8s,.gitlab-ci.yml,0,0,0,0,0,0,0,0,0,0,False
car-loan-calculator,application.yml,0,0,0,0,0,0,0,3,3,0,True
car-loan-calculator,application.yml,0,0,0,0,0,0,0,2,2,0,True
car-loan-calculator,application.yml,0,0,0,0,0,0,0,0,0,0,False
car-loan-calculator,application.yml,0,0,0,0,0,0,0,1,1,0,True
spring-cloud-kubernetes-examples,room-reservation-service-deployment.yml,0,0,0,0,0,0,0,0,0,0,False
spring-cloud-kubernetes-examples,room-reservation-service-service.yml,0,0,0,0,0,0,0,0,0,0,False
spring-cloud-kubernetes-examples,room-reservation-service-configmap.yml,0,1,0,0,0,0,0,0,0,0,True
spring-cloud-kubernetes-examples,guest-service-configmap.yml,0,1,0,0,0,0,0,0,0,0,True
spring-cloud-kubernetes-examples,guest-service-deployment.yml,0,0,0,0,0,0,0,0,0,0,False
spring-cloud-kubernetes-examples,guest-service-service.yml,0,0,0,0,0,0,0,0,0,0,False
spring-cloud-kubernetes-examples,room-service-configmap.yml,0,1,0,0,0,0,0,0,0,0,True
spring-cloud-kubernetes-examples,room-service-deplyment.yml,0,0,0,0,0,0,0,0,0,0,False
spring-cloud-kubernetes-examples,room-service-service.yml,0,0,0,0,0,0,0,0,0,0,False
spring-cloud-kubernetes-examples,admin-server-deplyment.yml,0,0,0,0,0,0,0,0,0,0,False
spring-cloud-kubernetes-examples,admin-server-configmap.yml,0,0,0,0,0,0,0,0,0,0,False
spring-cloud-kubernetes-examples,admin-server-service.yml,0,0,0,0,0,0,0,0,0,0,False
spring-cloud-kubernetes-examples,api-gateway-configmap.yml,0,1,0,0,0,0,0,0,0,0,True
spring-cloud-kubernetes-examples,api-gateway-service.yml,0,0,0,0,0,0,0,0,0,0,False
spring-cloud-kubernetes-examples,api-gateway-deployment.yml,0,0,0,0,0,0,0,0,0,2,True
spring-cloud-kubernetes-examples,api-gateway-secret.yml,0,0,0,0,0,0,0,0,0,0,False
spring-cloud-kubernetes-examples,reservation-service-configmap.yml,0,1,0,0,0,0,0,0,0,0,True
spring-cloud-kubernetes-examples,reservation-service-service.yml,0,0,0,0,0,0,0,0,0,0,False
spring-cloud-kubernetes-examples,reservation-service-deployment.yml,0,0,0,0,0,0,0,0,0,0,False
spring-cloud-kubernetes-examples,auth-server.yaml,0,0,0,0,0,0,0,0,0,0,False
spring-cloud-kubernetes-examples,tracing-server.yaml,0,0,0,0,0,0,0,0,0,0,False
demo-kubernetes-pipeline,kubedns-config.yml,1,0,0,0,0,0,0,0,0,0,True
demo-kubernetes-pipeline,frontend-deployment.yaml,1,0,0,0,0,0,0,0,0,0,True
demo-kubernetes-pipeline,.gitlab-ci.yml,0,0,0,0,0,0,0,0,0,0,False
fancy_microservice_on_kubernetes,config.yml,0,0,0,0,0,0,0,0,0,1,True
blog-microservice,skaffold.yaml,0,0,0,0,0,0,0,0,0,0,False
blog-microservice,client-depl.yaml,0,0,0,0,0,0,0,0,0,0,False
blog-microservice,ingress-srv.yaml,0,0,0,0,0,0,0,0,0,0,False
blog-microservice,query-depl.yaml,0,0,0,0,0,0,0,0,0,0,False
blog-microservice,posts.yaml,0,0,1,0,0,0,0,0,0,0,True
blog-microservice,comments-depl.yaml,0,0,0,0,0,0,0,0,0,0,False
blog-microservice,event-bus-depl.yaml,0,0,0,0,0,0,0,0,0,0,False
blog-microservice,posts-depl.yaml,0,0,0,0,0,0,0,0,0,0,False
blog-microservice,posts-srv.yaml,0,0,0,0,0,0,0,0,0,0,False
blog-microservice,moderation-depl.yaml,0,0,0,0,0,0,0,0,0,0,False
Devops-Microservices-Project,config.yml,0,0,0,0,0,0,0,0,0,1,True
banking-microservices-kube,balance_service.yml,0,0,0,0,0,0,0,0,0,0,False
banking-microservices-kube,accountdetails_deploy.yml,0,0,0,0,0,0,0,0,0,0,False
banking-microservices-kube,accountdetails_service.yml,0,0,0,0,0,0,0,0,0,0,False
banking-microservices-kube,balance_node_service.yml,0,0,0,0,0,0,0,0,0,0,False
banking-microservices-kube,balance_deploy.yml,0,0,0,0,0,0,1,0,0,0,True
banking-microservices-kube,details-definition.yml,0,0,1,0,0,0,0,0,0,0,True
banking-microservices-kube,pod-definition.yml,0,0,1,0,0,0,0,0,0,0,True
banking-microservices-kube,nginx-service.yml,0,0,0,0,0,0,0,0,0,0,False
banking-microservices-kube,nginx-dp.yml,0,0,0,0,0,0,0,0,0,0,False
kubernetes-example-deployment-app,postgres-service.yml,0,0,0,0,0,0,0,0,0,0,False
kubernetes-example-deployment-app,redis-service.yml,0,0,0,0,0,0,0,0,0,0,False
kubernetes-example-deployment-app,worker-app-deployment.yml,0,0,0,0,0,0,0,0,0,0,False
kubernetes-example-deployment-app,result-app-deployment.yml,0,0,0,0,0,0,0,0,0,0,False
kubernetes-example-deployment-app,postgres-deployment.yml,0,0,0,0,0,0,0,0,0,0,False
kubernetes-example-deployment-app,result-app-service.yml,0,0,0,0,0,0,0,0,0,0,False
kubernetes-example-deployment-app,voting-app-service.yml,0,0,0,0,0,0,0,0,0,0,False
kubernetes-example-deployment-app,voting-app-deployment.yml,0,0,0,0,0,0,0,0,0,0,False
kubernetes-example-deployment-app,redis-deployment.yml,0,0,0,0,0,0,0,0,0,0,False
auth-microservice-auth0,Chart.yaml,0,0,0,0,0,0,0,0,0,0,False
auth-microservice-auth0,values.yaml,0,0,0,0,0,0,0,0,0,5,True
auth-microservice-auth0,deployment.yaml,0,0,0,0,0,0,0,0,0,0,False
auth-microservice-auth0,ingress.yaml,0,0,0,0,0,0,0,0,0,0,False
auth-microservice-auth0,virtualService.yaml,0,0,0,0,0,0,0,0,0,0,False
auth-microservice-auth0,service.yaml,0,0,0,0,0,0,0,0,0,0,False
auth-microservice-auth0,test-connection.yaml,0,0,0,0,0,0,0,0,0,0,False
devops-kubernetes-microservices,.travis.yml,0,0,0,0,0,0,0,0,0,0,False
devops-kubernetes-microservices,.travis.yml,0,0,0,0,0,0,0,0,0,0,False
devops-kubernetes-microservices,.istanbul.yml,0,0,0,0,0,0,0,0,0,0,False
devops-kubernetes-microservices,.travis.yml,0,0,0,0,0,0,0,0,0,0,False
devops-kubernetes-microservices,.travis.yml,0,0,0,0,0,0,0,0,0,0,False
devops-kubernetes-microservices,.travis.yml,0,0,0,0,0,0,0,0,0,0,False
devops-kubernetes-microservices,.coveralls.yml,0,0,0,0,0,0,0,0,0,0,False
devops-kubernetes-microservices,.travis.yml,0,0,0,0,0,0,0,0,0,0,False
devops-kubernetes-microservices,.travis.yml,0,0,0,0,0,0,0,0,0,0,False
devops-kubernetes-microservices,.travis.yml,0,0,0,0,0,0,0,0,0,0,False
devops-kubernetes-microservices,.travis.yml,0,0,0,0,0,0,0,0,0,0,False
devops-kubernetes-microservices,.travis.yml,0,0,0,0,0,0,0,0,0,0,False
devops-kubernetes-microservices,.travis.yml,0,0,0,0,0,0,0,0,0,0,False
devops-kubernetes-microservices,.travis.yml,0,0,0,0,0,0,0,0,0,0,False
devops-kubernetes-microservices,.travis.yml,0,0,0,0,0,0,0,0,0,0,False
devops-kubernetes-microservices,.travis.yml,0,0,0,0,0,0,0,0,0,0,False
devops-kubernetes-microservices,.eslintrc.yml,0,0,0,0,0,0,0,0,0,0,False
devops-kubernetes-microservices,appveyor.yml,0,0,0,0,0,0,0,0,0,0,False
devops-kubernetes-microservices,.travis.yml,0,0,0,0,0,0,0,0,0,0,False
devops-kubernetes-microservices,.travis.yml,0,0,0,0,0,0,0,0,0,0,False
devops-kubernetes-microservices,.travis.yml,0,0,0,0,0,0,0,0,0,0,False
devops-kubernetes-microservices,.travis.yml,0,0,0,0,0,0,0,0,0,0,False
devops-kubernetes-microservices,.travis.yml,0,0,0,0,0,0,0,0,0,0,False
devops-kubernetes-microservices,.travis.yml,0,0,0,0,0,0,0,0,0,0,False
devops-kubernetes-microservices,.travis.yml,0,0,0,0,0,0,0,0,0,0,False
devops-kubernetes-microservices,.travis.yml,0,0,0,0,0,0,0,0,0,0,False
devops-kubernetes-microservices,.travis.yml,0,0,0,0,0,0,0,0,0,0,False
devops-kubernetes-microservices,.travis.yml,0,0,0,0,0,0,0,0,0,0,False
devops-kubernetes-microservices,.travis.yml,0,0,0,0,0,0,0,0,0,0,False
devops-kubernetes-microservices,.travis.yml,0,0,0,0,0,0,0,0,0,0,False
devops-kubernetes-microservices,.travis.yml,0,0,0,0,0,0,0,0,0,0,False
devops-kubernetes-microservices,.travis.yml,0,0,0,0,0,0,0,0,0,0,False
devops-kubernetes-microservices,.travis.yml,0,0,0,0,0,0,0,0,0,0,False
devops-kubernetes-microservices,.travis.yml,0,0,0,0,0,0,0,0,0,0,False
devops-kubernetes-microservices,.travis.yml,0,0,0,0,0,0,0,0,0,0,False
devops-kubernetes-microservices,.eslintrc.yml,0,0,0,0,0,0,0,0,0,0,False
devops-kubernetes-microservices,.travis.yml,0,0,0,0,0,0,0,0,0,0,False
devops-kubernetes-microservices,.travis.yml,0,0,0,0,0,0,0,0,0,0,False
devops-kubernetes-microservices,.travis.yml,0,0,0,0,0,0,0,0,0,0,False
devops-kubernetes-microservices,.travis.yml,0,0,0,0,0,0,0,0,0,0,False
devops-kubernetes-microservices,appveyor.yml,0,0,0,0,0,0,0,0,0,0,False
devops-kubernetes-microservices,.travis.yml,0,0,0,0,0,0,0,0,0,0,False
devops-kubernetes-microservices,.travis.yml,0,0,0,0,0,0,0,0,0,0,False
devops-kubernetes-microservices,.zuul.yml,0,0,0,0,0,0,0,0,0,0,False
devops-kubernetes-microservices,.travis.yml,0,0,0,0,0,0,0,0,0,0,False
devops-kubernetes-microservices,.travis.yml,0,0,0,0,0,0,0,0,0,0,False
devops-kubernetes-microservices,.travis.yml,0,0,0,0,0,0,0,0,0,0,False
devops-kubernetes-microservices,.travis.yml,0,0,0,0,0,0,0,0,0,0,False
devops-kubernetes-microservices,.travis.yml,0,0,0,0,0,0,0,0,0,0,False
devops-kubernetes-microservices,.travis.yml,0,0,0,0,0,0,0,0,0,0,False
devops-kubernetes-microservices,.zuul.yml,0,0,0,0,0,0,0,0,0,0,False
devops-kubernetes-microservices,appveyor.yml,0,0,0,0,0,0,0,0,0,0,False
devops-kubernetes-microservices,.travis.yml,0,0,0,0,0,0,0,0,0,0,False
devops-kubernetes-microservices,appveyor.yml,0,0,0,0,0,0,0,0,0,0,False
devops-kubernetes-microservices,.travis.yml,0,0,0,0,0,0,0,0,0,0,False
devops-kubernetes-microservices,.travis.yml,0,0,0,0,0,0,0,0,0,0,False
devops-kubernetes-microservices,.travis.yml,0,0,0,0,0,0,0,0,0,0,False
devops-kubernetes-microservices,.travis.yml,0,0,0,0,0,0,0,0,0,0,False
devops-kubernetes-microservices,.travis.yml,0,0,0,0,0,0,0,0,0,0,False
devops-kubernetes-microservices,.travis.yml,0,0,0,0,0,0,0,0,0,0,False
devops-kubernetes-microservices,.travis.yml,0,0,0,0,0,0,0,0,0,0,False
devops-kubernetes-microservices,.travis.yml,0,0,0,0,0,0,0,0,0,0,False
devops-kubernetes-microservices,.travis.yml,0,0,0,0,0,0,0,0,0,0,False
devops-kubernetes-microservices,.travis.yml,0,0,0,0,0,0,0,0,0,0,False
devops-kubernetes-microservices,.travis.yml,0,0,0,0,0,0,0,0,0,0,False
devops-kubernetes-microservices,.travis.yml,0,0,0,0,0,0,0,0,0,0,False
devops-kubernetes-microservices,.travis.yml,0,0,0,0,0,0,0,0,0,0,False
devops-kubernetes-microservices,.zuul.yml,0,0,0,0,0,0,0,0,0,0,False
devops-kubernetes-microservices,.travis.yml,0,0,0,0,0,0,0,0,0,0,False
devops-kubernetes-microservices,.travis.yml,0,0,0,0,0,0,0,0,0,0,False
devops-kubernetes-microservices,.travis.yml,0,0,0,0,0,0,0,0,0,0,False
devops-kubernetes-microservices,.zuul.yml,0,0,0,0,0,0,0,0,0,0,False
devops-kubernetes-microservices,.travis.yml,0,0,0,0,0,0,0,0,0,0,False
devops-kubernetes-microservices,.travis.yml,0,0,0,0,0,0,0,0,0,0,False
devops-kubernetes-microservices,.travis.yml,0,0,0,0,0,0,0,0,0,0,False
devops-kubernetes-microservices,.travis.yml,0,0,0,0,0,0,0,0,0,0,False
devops-kubernetes-microservices,.travis.yml,0,0,0,0,0,0,0,0,0,0,False
devops-kubernetes-microservices,.travis.yml,0,0,0,0,0,0,0,0,0,0,False
devops-kubernetes-microservices,.travis.yml,0,0,0,0,0,0,0,0,0,0,False
devops-kubernetes-microservices,.travis.yml,0,0,0,0,0,0,0,0,0,0,False
devops-kubernetes-microservices,.travis.yml,0,0,0,0,0,0,0,0,0,0,False
devops-kubernetes-microservices,.travis.yml,0,0,0,0,0,0,0,0,0,0,False
devops-kubernetes-microservices,.travis.yml,0,0,0,0,0,0,0,0,0,0,False
devops-kubernetes-microservices,.travis.yml,0,0,0,0,0,0,0,0,0,0,False
devops-kubernetes-microservices,.travis.yml,0,0,0,0,0,0,0,0,0,0,False
devops-kubernetes-microservices,.travis.yml,0,0,0,0,0,0,0,0,0,0,False
devops-kubernetes-microservices,.travis.yml,0,0,0,0,0,0,0,0,0,0,False
devops-kubernetes-microservices,.travis.yml,0,0,0,0,0,0,0,0,0,0,False
devops-kubernetes-microservices,.travis.yml,0,0,0,0,0,0,0,0,0,0,False
devops-kubernetes-microservices,.travis.yml,0,0,0,0,0,0,0,0,0,0,False
devops-kubernetes-microservices,.travis.yml,0,0,0,0,0,0,0,0,0,0,False
devops-kubernetes-microservices,.travis.yml,0,0,0,0,0,0,0,0,0,0,False
devops-kubernetes-microservices,.travis.yml,0,0,0,0,0,0,0,0,0,0,False
devops-kubernetes-microservices,.travis.yml,0,0,0,0,0,0,0,0,0,0,False
devops-kubernetes-microservices,.travis.yml,0,0,0,0,0,0,0,0,0,0,False
devops-kubernetes-microservices,.travis.yml,0,0,0,0,0,0,0,0,0,0,False
devops-kubernetes-microservices,.travis.yml,0,0,0,0,0,0,0,0,0,0,False
devops-kubernetes-microservices,.travis.yml,0,0,0,0,0,0,0,0,0,0,False
devops-kubernetes-microservices,.travis.yml,0,0,0,0,0,0,0,0,0,0,False
devops-kubernetes-microservices,.travis.yml,0,0,0,0,0,0,0,0,0,0,False
devops-kubernetes-microservices,.travis.yml,0,0,0,0,0,0,0,0,0,0,False
devops-kubernetes-microservices,.travis.yml,0,0,0,0,0,0,0,0,0,0,False
devops-kubernetes-microservices,.travis.yml,0,0,0,0,0,0,0,0,0,0,False
devops-kubernetes-microservices,.eslintrc.yml,0,0,0,0,0,0,0,0,0,0,False
devops-kubernetes-microservices,.travis.yml,0,0,0,0,0,0,0,0,0,0,False
devops-kubernetes-microservices,.travis.yml,0,0,0,0,0,0,0,0,0,0,False
devops-kubernetes-microservices,.travis.yml,0,0,0,0,0,0,0,0,0,0,False
devops-kubernetes-microservices,appveyor.yml,0,0,0,0,0,0,0,0,0,0,False
devops-kubernetes-microservices,.travis.yml,0,0,0,0,0,0,0,0,0,0,False
devops-kubernetes-microservices,.travis.yml,0,0,0,0,0,0,0,0,0,0,False
devops-kubernetes-microservices,.travis.yml,0,0,0,0,0,0,0,0,0,0,False
devops-kubernetes-microservices,.coveralls.yml,0,0,0,0,0,0,0,0,0,0,False
devops-kubernetes-microservices,.travis.yml,0,0,0,0,0,0,0,0,0,0,False
devops-kubernetes-microservices,.travis.yml,0,0,0,0,0,0,0,0,0,0,False
devops-kubernetes-microservices,.travis.yml,0,0,0,0,0,0,0,0,0,0,False
devops-kubernetes-microservices,.travis.yml,0,0,0,0,0,0,0,0,0,0,False
devops-kubernetes-microservices,.travis.yml,0,0,0,0,0,0,0,0,0,0,False
devops-kubernetes-microservices,.travis.yml,0,0,0,0,0,0,0,0,0,0,False
devops-kubernetes-microservices,.travis.yml,0,0,0,0,0,0,0,0,0,0,False
devops-kubernetes-microservices,.travis.yml,0,0,0,0,0,0,0,0,0,0,False
devops-kubernetes-microservices,.travis.yml,0,0,0,0,0,0,0,0,0,0,False
devops-kubernetes-microservices,.travis.yml,0,0,0,0,0,0,0,0,0,0,False
devops-kubernetes-microservices,.travis.yml,0,0,0,0,0,0,0,0,0,0,False
devops-kubernetes-microservices,.travis.yml,0,0,0,0,0,0,0,0,0,0,False
devops-kubernetes-microservices,_config.yml,0,0,0,0,0,0,0,0,0,0,False
devops-kubernetes-microservices,.travis.yml,0,0,0,0,0,0,0,0,0,0,False
devops-kubernetes-microservices,.travis.yml,0,0,0,0,0,0,0,0,0,0,False
devops-kubernetes-microservices,.eslintrc.yml,0,0,0,0,0,0,0,0,0,0,False
devops-kubernetes-microservices,.travis.yml,0,0,0,0,0,0,0,0,0,0,False
devops-kubernetes-microservices,.eslintrc.yml,0,0,0,0,0,0,0,0,0,0,False
devops-kubernetes-microservices,.travis.yml,0,0,0,0,0,0,0,0,0,0,False
devops-kubernetes-microservices,.travis.yml,0,0,0,0,0,0,0,0,0,0,False
devops-kubernetes-microservices,.travis.yml,0,0,0,0,0,0,0,0,0,0,False
devops-kubernetes-microservices,.travis.yml,0,0,0,0,0,0,0,0,0,0,False
devops-kubernetes-microservices,.zuul.yml,0,0,0,0,0,0,0,0,0,0,False
devops-kubernetes-microservices,.travis.yml,0,0,0,0,0,0,0,0,0,0,False
devops-kubernetes-microservices,.travis.yml,0,0,0,0,0,0,0,0,0,0,False
devops-kubernetes-microservices,.travis.yml,0,0,0,0,0,0,0,0,0,0,False
devops-kubernetes-microservices,.travis.yml,0,0,0,0,0,0,0,0,0,0,False
devops-kubernetes-microservices,.travis.yml,0,0,0,0,0,0,0,0,0,0,False
devops-kubernetes-microservices,.zuul.yml,0,0,0,0,0,0,0,0,0,0,False
devops-kubernetes-microservices,.travis.yml,0,0,0,0,0,0,0,0,0,0,False
devops-kubernetes-microservices,.zuul.yml,0,0,0,0,0,0,0,0,0,0,False
devops-kubernetes-microservices,.travis.yml,0,0,0,0,0,0,0,0,0,0,False
devops-kubernetes-microservices,.travis.yml,0,0,0,0,0,0,0,0,0,0,False
devops-kubernetes-microservices,.travis.yml,0,0,0,0,0,0,0,0,0,0,False
devops-kubernetes-microservices,.svgo.yml,0,0,0,0,0,0,0,0,0,0,False
devops-kubernetes-microservices,.travis.yml,0,0,0,0,0,0,0,0,0,0,False
devops-kubernetes-microservices,.travis.yml,0,0,0,0,0,0,0,0,0,0,False
devops-kubernetes-microservices,.travis.yml,0,0,0,0,0,0,0,0,0,0,False
devops-kubernetes-microservices,.travis.yml,0,0,0,0,0,0,0,0,0,0,False
devops-kubernetes-microservices,.zuul.yml,0,0,0,0,0,0,0,0,0,0,False
devops-kubernetes-microservices,.travis.yml,0,0,0,0,0,0,0,0,0,0,False
devops-kubernetes-microservices,.travis.yml,0,0,0,0,0,0,0,0,0,0,False
devops-kubernetes-microservices,.travis.yml,0,0,0,0,0,0,0,0,0,0,False
devops-kubernetes-microservices,.travis.yml,0,0,0,0,0,0,0,0,0,0,False
devops-kubernetes-microservices,.travis.yml,0,0,0,0,0,0,0,0,0,0,False
devops-kubernetes-microservices,.travis.yml,0,0,0,0,0,0,0,0,0,0,False
devops-kubernetes-microservices,.coveralls.yml,0,0,0,0,0,0,0,0,0,0,False
devops-kubernetes-microservices,.travis.yml,0,0,0,0,0,0,0,0,0,0,False
devops-kubernetes-microservices,appveyor.yml,0,0,0,0,0,0,0,0,0,0,False
devops-kubernetes-microservices,.istanbul.yml,0,0,0,0,0,0,0,0,0,0,False
devops-kubernetes-microservices,.travis.yml,0,0,0,0,0,0,0,0,0,0,False
devops-kubernetes-microservices,.travis.yml,0,0,0,0,0,0,0,0,0,0,False
devops-kubernetes-microservices,.travis.yml,0,0,0,0,0,0,0,0,0,0,False
devops-kubernetes-microservices,.travis.yml,0,0,0,0,0,0,0,0,0,0,False
devops-kubernetes-microservices,.travis.yml,0,0,0,0,0,0,0,0,0,0,False
devops-kubernetes-microservices,.travis.yml,0,0,0,0,0,0,0,0,0,0,False
devops-kubernetes-microservices,.travis.yml,0,0,0,0,0,0,0,0,0,0,False
devops-kubernetes-microservices,.travis.yml,0,0,0,0,0,0,0,0,0,0,False
devops-kubernetes-microservices,.travis.yml,0,0,0,0,0,0,0,0,0,0,False
devops-kubernetes-microservices,.travis.yml,0,0,0,0,0,0,0,0,0,0,False
devops-kubernetes-microservices,.travis.yml,0,0,0,0,0,0,0,0,0,0,False
devops-kubernetes-microservices,.travis.yml,0,0,0,0,0,0,0,0,0,0,False
devops-kubernetes-microservices,.travis.yml,0,0,0,0,0,0,0,0,0,0,False
devops-kubernetes-microservices,.travis.yml,0,0,0,0,0,0,0,0,0,0,False
devops-kubernetes-microservices,.zuul.yml,0,0,0,0,0,0,0,0,0,0,False
devops-kubernetes-microservices,.travis.yml,0,0,0,0,0,0,0,0,0,0,False
devops-kubernetes-microservices,.istanbul.yml,0,0,0,0,0,0,0,0,0,0,False
devops-kubernetes-microservices,.travis.yml,0,0,0,0,0,0,0,0,0,0,False
devops-kubernetes-microservices,.travis.yml,0,0,0,0,0,0,0,0,0,0,False
devops-kubernetes-microservices,.travis.yml,0,0,0,0,0,0,0,0,0,0,False
devops-kubernetes-microservices,.travis.yml,0,0,0,0,0,0,0,0,0,0,False
devops-kubernetes-microservices,.travis.yml,0,0,0,0,0,0,0,0,0,0,False
devops-kubernetes-microservices,.travis.yml,0,0,0,0,0,0,0,0,0,0,False
devops-kubernetes-microservices,.travis.yml,0,0,0,0,0,0,0,0,0,0,False
devops-kubernetes-microservices,.travis.yml,0,0,0,0,0,0,0,0,0,0,False
devops-kubernetes-microservices,.coveralls.yml,0,0,0,0,0,0,0,0,0,0,False
devops-kubernetes-microservices,.travis.yml,0,0,0,0,0,0,0,0,0,0,False
devops-kubernetes-microservices,.eslintrc.yml,0,0,0,0,0,0,0,0,0,0,False
devops-kubernetes-microservices,.travis.yml,0,0,0,0,0,0,0,0,0,0,False
devops-kubernetes-microservices,.travis.yml,0,0,0,0,0,0,0,0,0,0,False
devops-kubernetes-microservices,.travis.yml,0,0,0,0,0,0,0,0,0,0,False
devops-kubernetes-microservices,.travis.yml,0,0,0,0,0,0,0,0,0,0,False
devops-kubernetes-microservices,.travis.yml,0,0,0,0,0,0,0,0,0,0,False
devops-kubernetes-microservices,.travis.yml,0,0,0,0,0,0,0,0,0,0,False
devops-kubernetes-microservices,.coveralls.yml,0,0,0,0,0,0,0,0,0,0,False
devops-kubernetes-microservices,.travis.yml,0,0,0,0,0,0,0,0,0,0,False
devops-kubernetes-microservices,.travis.yml,0,0,0,0,0,0,0,0,0,0,False
devops-kubernetes-microservices,.travis.yml,0,0,0,0,0,0,0,0,0,0,False
devops-kubernetes-microservices,.travis.yml,0,0,0,0,0,0,0,0,0,0,False
devops-kubernetes-microservices,.zuul.yml,0,0,0,0,0,0,0,0,0,0,False
devops-kubernetes-microservices,.travis.yml,0,0,0,0,0,0,0,0,0,0,False
devops-kubernetes-microservices,stale.yml,0,0,0,0,0,0,0,0,0,0,False
devops-kubernetes-microservices,.travis.yml,0,0,0,0,0,0,0,0,0,0,False
devops-kubernetes-microservices,.travis.yml,0,0,0,0,0,0,0,0,0,0,False
devops-kubernetes-microservices,.travis.yml,0,0,0,0,0,0,0,0,0,0,False
devops-kubernetes-microservices,.travis.yml,0,0,0,0,0,0,0,0,0,0,False
devops-kubernetes-microservices,.travis.yml,0,0,0,0,0,0,0,0,0,0,False
devops-kubernetes-microservices,.travis.yml,0,0,0,0,0,0,0,0,0,0,False
devops-kubernetes-microservices,.travis.yml,0,0,0,0,0,0,0,0,0,0,False
devops-kubernetes-microservices,.travis.yml,0,0,0,0,0,0,0,0,0,0,False
devops-kubernetes-microservices,.travis.yml,0,0,0,0,0,0,0,0,0,0,False
devops-kubernetes-microservices,.travis.yml,0,0,0,0,0,0,0,0,0,0,False
devops-kubernetes-microservices,.travis.yml,0,0,0,0,0,0,0,0,0,0,False
devops-kubernetes-microservices,.eslintrc.yml,0,0,0,0,0,0,0,0,0,0,False
devops-kubernetes-microservices,.travis.yml,0,0,0,0,0,0,0,0,0,0,False
devops-kubernetes-microservices,.travis.yml,0,0,0,0,0,0,0,0,0,0,False
devops-kubernetes-microservices,.travis.yml,0,0,0,0,0,0,0,0,0,0,False
devops-kubernetes-microservices,.travis.yml,0,0,0,0,0,0,0,0,0,0,False
devops-kubernetes-microservices,.travis.yml,0,0,0,0,0,0,0,0,0,0,False
devops-kubernetes-microservices,.zuul.yml,0,0,0,0,0,0,0,0,0,0,False
devops-kubernetes-microservices,.travis.yml,0,0,0,0,0,0,0,0,0,0,False
devops-kubernetes-microservices,.travis.yml,0,0,0,0,0,0,0,0,0,0,False
devops-kubernetes-microservices,.travis.yml,0,0,0,0,0,0,0,0,0,0,False
devops-kubernetes-microservices,.travis.yml,0,0,0,0,0,0,0,0,0,0,False
devops-kubernetes-microservices,.travis.yml,0,0,0,0,0,0,0,0,0,0,False
devops-kubernetes-microservices,.travis.yml,0,0,0,0,0,0,0,0,0,0,False
devops-kubernetes-microservices,.travis.yml,0,0,0,0,0,0,0,0,0,0,False
devops-kubernetes-microservices,.travis.yml,0,0,0,0,0,0,0,0,0,0,False
devops-kubernetes-microservices,.travis.yml,0,0,0,0,0,0,0,0,0,0,False
devops-kubernetes-microservices,.travis.yml,0,0,0,0,0,0,0,0,0,0,False
devops-kubernetes-microservices,.travis.yml,0,0,0,0,0,0,0,0,0,0,False
devops-kubernetes-microservices,.travis.yml,0,0,0,0,0,0,0,0,0,0,False
devops-kubernetes-microservices,.travis.yml,0,0,0,0,0,0,0,0,0,0,False
devops-kubernetes-microservices,.travis.yml,0,0,0,0,0,0,0,0,0,0,False
devops-kubernetes-microservices,.travis.yml,0,0,0,0,0,0,0,0,0,0,False
devops-kubernetes-microservices,.travis.yml,0,0,0,0,0,0,0,0,0,0,False
devops-kubernetes-microservices,.travis.yml,0,0,0,0,0,0,0,0,0,0,False
devops-kubernetes-microservices,.travis.yml,0,0,0,0,0,0,0,0,0,0,False
devops-kubernetes-microservices,.travis.yml,0,0,0,0,0,0,0,0,0,0,False
devops-kubernetes-microservices,.travis.yml,0,0,0,0,0,0,0,0,0,0,False
devops-kubernetes-microservices,.travis.yml,0,0,0,0,0,0,0,0,0,0,False
devops-kubernetes-microservices,.travis.yml,0,0,0,0,0,0,0,0,0,0,False
devops-kubernetes-microservices,.travis.yml,0,0,0,0,0,0,0,0,0,0,False
devops-kubernetes-microservices,.travis.yml,0,0,0,0,0,0,0,0,0,0,False
devops-kubernetes-microservices,.travis.yml,0,0,0,0,0,0,0,0,0,0,False
devops-kubernetes-microservices,.travis.yml,0,0,0,0,0,0,0,0,0,0,False
devops-kubernetes-microservices,.travis.yml,0,0,0,0,0,0,0,0,0,0,False
devops-kubernetes-microservices,.travis.yml,0,0,0,0,0,0,0,0,0,0,False
devops-kubernetes-microservices,.eslintrc.yml,0,0,0,0,0,0,0,0,0,0,False
devops-kubernetes-microservices,.travis.yml,0,0,0,0,0,0,0,0,0,0,False
devops-kubernetes-microservices,.travis.yml,0,0,0,0,0,0,0,0,0,0,False
devops-kubernetes-microservices,.travis.yml,0,0,0,0,0,0,0,0,0,0,False
devops-kubernetes-microservices,appveyor.yml,0,0,0,0,0,0,0,0,0,0,False
devops-kubernetes-microservices,.travis.yml,0,0,0,0,0,0,0,0,0,0,False
devops-kubernetes-microservices,.travis.yml,0,0,0,0,0,0,0,0,0,0,False
devops-kubernetes-microservices,.travis.yml,0,0,0,0,0,0,0,0,0,0,False
devops-kubernetes-microservices,.coveralls.yml,0,0,0,0,0,0,0,0,0,0,False
devops-kubernetes-microservices,.travis.yml,0,0,0,0,0,0,0,0,0,0,False
devops-kubernetes-microservices,appveyor.yml,0,0,0,0,0,0,0,0,0,0,False
devops-kubernetes-microservices,.eslintrc.yml,0,0,0,0,0,0,0,0,0,0,False
devops-kubernetes-microservices,.travis.yml,0,0,0,0,0,0,0,0,0,0,False
devops-kubernetes-microservices,.eslintrc.yml,0,0,0,0,0,0,0,0,0,0,False
devops-kubernetes-microservices,.eslintrc.yml,0,0,0,0,0,0,0,0,0,0,False
devops-kubernetes-microservices,.travis.yml,0,0,0,0,0,0,0,0,0,0,False
devops-kubernetes-microservices,.travis.yml,0,0,0,0,0,0,0,0,0,0,False
devops-kubernetes-microservices,.travis.yml,0,0,0,0,0,0,0,0,0,0,False
devops-kubernetes-microservices,.travis.yml,0,0,0,0,0,0,0,0,0,0,False
devops-kubernetes-microservices,.travis.yml,0,0,0,0,0,0,0,0,0,0,False
devops-kubernetes-microservices,.coveralls.yml,0,0,0,0,0,0,0,0,0,0,False
devops-kubernetes-microservices,.travis.yml,0,0,0,0,0,0,0,0,0,0,False
devops-kubernetes-microservices,.travis.yml,0,0,0,0,0,0,0,0,0,0,False
devops-kubernetes-microservices,.travis.yml,0,0,0,0,0,0,0,0,0,0,False
devops-kubernetes-microservices,.travis.yml,0,0,0,0,0,0,0,0,0,0,False
devops-kubernetes-microservices,zuul-es5.yml,0,0,0,0,0,0,0,0,0,0,False
devops-kubernetes-microservices,zuul-es6.yml,0,0,0,0,0,0,0,0,0,0,False
devops-kubernetes-microservices,.travis.yml,0,0,0,0,0,0,0,0,0,0,False
devops-kubernetes-microservices,sa-frontend-pod.yaml,0,0,1,0,0,0,0,0,0,0,True
devops-kubernetes-microservices,sa-frontend-deployment-green.yaml,0,0,0,0,0,0,0,0,0,0,False
devops-kubernetes-microservices,service-sa-web-app-lb.yaml,0,0,0,0,0,0,0,0,0,0,False
devops-kubernetes-microservices,sa-frontend-deployment.yaml,0,0,0,0,0,0,0,0,0,0,False
devops-kubernetes-microservices,service-sa-logic.yaml,0,0,0,0,0,0,0,0,0,0,False
devops-kubernetes-microservices,sa-frontend-pod2.yaml,0,0,1,0,0,0,0,0,0,0,True
devops-kubernetes-microservices,sa-logic-deployment.yaml,0,0,0,0,0,0,0,0,0,0,False
devops-kubernetes-microservices,service-sa-frontend-lb.yaml,0,0,0,0,0,0,0,0,0,0,False
devops-kubernetes-microservices,sa-web-app-deployment.yaml,0,1,0,0,0,0,0,0,0,0,True
kube-micro,.travis.yml,0,0,0,0,0,0,0,0,0,0,False
kube-micro,kube-land-config.yml,0,0,0,0,0,0,0,0,0,0,False
kube-micro,kube-land-ui-nodeport.yml,0,0,0,0,0,0,0,0,0,0,False
kube-micro,kube-green-nfs-claim.yml,0,0,0,0,0,0,0,0,0,0,False
kube-micro,kube-green.yml,0,0,0,0,0,0,0,0,0,0,False
kube-micro,kube-green-nfs.yml,0,0,0,0,0,0,0,0,0,0,False
kube-micro,admin-service.yml,0,0,0,0,0,0,0,0,0,0,False
kube-micro,customers-deployment.yml,0,0,0,0,0,0,0,0,0,0,False
kube-micro,admin-deployment.yml,0,0,0,0,0,0,0,0,0,0,False
kube-micro,accounts-deployment.yml,0,0,0,0,0,0,0,0,0,0,False
kube-micro,users-deployment.yml,0,0,0,0,0,0,0,0,0,0,False
kube-micro,kube-red-nfs.yml,0,0,0,0,0,0,0,0,0,0,False
kube-micro,kube-red.yml,0,0,0,0,0,0,0,0,0,0,False
kube-micro,kube-red-nfs-claim.yml,0,0,0,0,0,0,0,0,0,0,False
kube-micro,admin-deployment.yml,0,0,0,0,0,0,0,0,0,0,False
kube-micro,accounts-deployment.yml,0,0,0,0,0,0,0,0,0,0,False
kube-micro,config.yml,0,0,0,0,0,0,0,0,0,0,False
kube-micro,application.yml,0,2,0,0,0,0,0,0,0,0,True
kube-micro,application.yml,0,2,0,0,0,0,0,0,0,0,True
kube-micro,application.yml,0,2,0,0,0,0,0,0,0,0,True
kube-micro,application.yml,0,2,0,0,0,0,0,0,0,0,True
kube-micro,application.yml,0,2,0,0,0,0,0,0,0,0,True
kube-micro,application.yml,0,2,0,0,0,0,0,0,0,0,True
kube-micro,application.yml,0,2,0,0,0,0,0,0,0,0,True
kube-micro,application.yml,0,2,0,0,0,0,0,0,0,0,True
kube-micro,application.yml,0,2,0,0,0,0,0,0,0,0,True
kube-micro,application.yml,0,2,0,0,0,0,0,0,0,0,True
kube-micro,application.yml,0,0,0,0,0,0,0,0,0,0,False
kube-micro,application.yml,0,2,0,0,0,0,0,0,0,0,True
kube-micro,application.yml,0,2,0,0,0,0,0,0,0,0,True
kube-micro,application.yml,0,2,0,0,0,0,0,0,0,0,True
kube-micro,application.yml,0,2,0,0,0,0,0,0,0,0,True
kube-micro,application.yml,0,2,0,0,0,0,0,0,0,0,True
kube-micro,application.yml,0,2,0,0,0,0,0,0,0,0,True
kube-micro,kube-green-nfs-claim.yml,0,0,0,0,0,0,0,0,0,0,False
kube-micro,kube-green.yml,0,0,0,0,0,0,0,0,0,0,False
kube-micro,kube-green-nfs.yml,0,0,0,0,0,0,0,0,0,0,False
kube-micro,admin-service.yml,0,0,0,0,0,0,0,0,0,0,False
kube-micro,customers-deployment.yml,0,0,0,0,0,0,0,0,0,0,False
kube-micro,offers-deployment.yml,0,0,0,0,0,0,0,0,0,0,False
kube-micro,vendors-deployment.yml,0,0,0,0,0,0,0,0,0,0,False
kube-micro,payments-deployment.yml,0,0,0,0,0,0,0,0,0,0,False
kube-micro,products-deployment.yml,0,0,0,0,0,0,0,0,0,0,False
kube-micro,invoices-deployment.yml,0,0,0,0,0,0,0,0,0,0,False
kube-micro,dues-deployment.yml,0,0,0,0,0,0,0,0,0,0,False
kube-micro,wishlists-deployment.yml,0,0,0,0,0,0,0,0,0,0,False
kube-micro,referrals-deployment.yml,0,0,0,0,0,0,0,0,0,0,False
kube-micro,leads-deployment.yml,0,0,0,0,0,0,0,0,0,0,False
kube-micro,admin-deployment.yml,0,0,0,0,0,0,0,0,0,0,False
kube-micro,roles-deployment.yml,0,0,0,0,0,0,0,0,0,0,False
kube-micro,subscriptions-deployment.yml,0,0,0,0,0,0,0,0,0,0,False
kube-micro,carts-deployment.yml,0,0,0,0,0,0,0,0,0,0,False
kube-micro,coupons-deployment.yml,0,0,0,0,0,0,0,0,0,0,False
kube-micro,accounts-deployment.yml,0,0,0,0,0,0,0,0,0,0,False
kube-micro,markets-deployment.yml,0,0,0,0,0,0,0,0,0,0,False
kube-micro,users-deployment.yml,0,0,0,0,0,0,0,0,0,0,False
kube-micro,returns-deployment.yml,0,0,0,0,0,0,0,0,0,0,False
kube-micro,orders-deployment.yml,0,0,0,0,0,0,0,0,0,0,False
kube-micro,categories-deployment.yml,0,0,0,0,0,0,0,0,0,0,False
kube-micro,services-deployment.yml,0,0,0,0,0,0,0,0,0,0,False
kube-micro,losts-deployment.yml,0,0,0,0,0,0,0,0,0,0,False
kube-micro,kube-service.yml,0,0,0,0,0,0,0,0,0,0,False
kube-micro,kube-nfs-claim.yml,0,0,0,0,0,0,0,0,0,0,False
kube-micro,kube-nfs.yml,0,0,0,0,0,0,0,0,0,0,False
kube-micro,kube-namespace.yml,0,0,0,0,0,0,0,0,0,0,False
kube-micro,kube-deployment.yml,0,0,0,0,0,0,0,0,0,0,False
kube-micro,application.yml,0,2,0,0,0,0,0,0,0,0,True
kube-micro,application.yml,0,2,0,0,0,0,0,0,0,0,True
kube-micro,application.yml,0,2,0,0,0,0,0,0,0,0,True
kube-micro,application.yml,0,2,0,0,0,0,0,0,0,0,True
kube-micro,application.yml,0,2,0,0,0,0,0,0,0,0,True
kube-micro,application.yml,0,2,0,0,0,0,0,0,0,0,True
boot-k8s-microservices,images-config.yaml,0,0,0,0,0,0,0,0,0,0,False
boot-k8s-microservices,images-deployment.yaml,0,0,0,0,0,0,0,0,0,2,True
boot-k8s-microservices,images-svc.yaml,0,0,0,0,0,0,0,0,0,0,False
boot-k8s-microservices,requirements.yaml,0,0,0,0,0,0,0,0,0,0,False
boot-k8s-microservices,Chart.yaml,0,0,0,0,0,0,0,0,0,0,False
boot-k8s-microservices,values.yaml,0,0,0,0,0,0,0,0,0,0,False
boot-k8s-microservices,gateway-service.yaml,0,0,0,0,0,0,0,0,0,0,False
boot-k8s-microservices,actors-config.yaml,0,0,0,0,0,0,0,0,0,0,False
boot-k8s-microservices,grafana-service.yaml,0,0,0,0,0,0,0,0,0,0,False
boot-k8s-microservices,images-service.yaml,0,0,0,0,0,0,0,0,0,0,False
boot-k8s-microservices,prometheus-deployment.yaml,0,0,0,0,0,0,0,0,0,0,False
boot-k8s-microservices,prometheus-configmap.yaml,0,0,0,0,0,0,0,0,0,0,False
boot-k8s-microservices,ingress.yaml,0,0,0,0,0,0,0,0,0,0,False
boot-k8s-microservices,actors-service.yaml,0,0,0,0,0,0,0,0,0,0,False
boot-k8s-microservices,grafana-deployment.yaml,0,0,0,0,0,0,0,0,0,0,False
boot-k8s-microservices,images-config.yaml,0,0,0,0,0,0,0,0,0,0,False
boot-k8s-microservices,zipkin-service.yaml,0,0,0,0,0,0,0,0,0,0,False
boot-k8s-microservices,images-deployment.yaml,0,0,0,0,0,0,0,0,0,0,False
boot-k8s-microservices,actors-deployment.yaml,0,0,0,0,0,0,0,0,0,0,False
boot-k8s-microservices,zipkin-deployment.yaml,0,0,0,0,0,0,0,0,0,0,False
boot-k8s-microservices,prometheus-service.yaml,0,0,0,0,0,0,0,0,0,0,False
boot-k8s-microservices,gateway-deployment.yaml,0,0,0,0,0,0,0,0,0,0,False
boot-k8s-microservices,actors-config.yaml,0,0,0,0,0,0,0,0,0,0,False
boot-k8s-microservices,actors-svc.yaml,0,0,0,0,0,0,0,0,0,0,False
boot-k8s-microservices,actors-deployment.yaml,0,0,0,0,0,0,0,0,0,2,True
boot-k8s-microservices,gateway-svc.yaml,0,0,0,0,0,0,0,0,0,0,False
boot-k8s-microservices,gateway-deployment.yaml,0,0,0,0,0,0,0,0,0,0,False
hapijs-test-service-gitlabci-kubernetes,deployment.yml,0,0,0,0,0,0,0,0,0,0,False
hapijs-test-service-gitlabci-kubernetes,.gitlab-ci.yml,0,0,0,0,0,0,0,0,0,0,False
basic_microservices,skaffold.yaml,0,0,0,0,0,0,0,0,0,0,False
basic_microservices,client-depl.yaml,0,0,0,0,0,0,0,0,0,0,False
basic_microservices,ingress-srv.yaml,0,0,0,0,0,0,0,0,0,0,False
basic_microservices,query-depl.yaml,0,0,0,0,0,0,0,0,0,0,False
basic_microservices,comments-depl.yaml,0,0,0,0,0,0,0,0,0,0,False
basic_microservices,event-bus-depl.yaml,0,0,0,0,0,0,0,0,0,0,False
basic_microservices,posts-depl.yaml,0,0,0,0,0,0,0,0,0,0,False
basic_microservices,posts-srv.yaml,0,0,0,0,0,0,0,0,0,0,False
basic_microservices,moderation-depl.yaml,0,0,0,0,0,0,0,0,0,0,False
All_In_Zipped,application.yml,0,1,0,0,0,0,0,0,0,0,True
All_In_Zipped,application.yml,0,0,0,0,0,0,0,0,0,0,False
Dapr-Microservice-Template,azure-pipelines.yml,0,0,0,0,0,0,0,0,0,0,False
Dapr-Microservice-Template,deployDev.yaml,0,0,0,0,0,0,0,0,0,0,False
Dapr-Microservice-Template,deployLocal.yaml,0,0,0,0,0,0,0,0,0,0,False
Dapr-Microservice-Template,deploy.yaml,0,0,0,0,0,0,0,0,0,0,False
Dapr-Microservice-Template,deployProd.yaml,0,0,0,0,0,0,0,0,0,0,False
Dapr-Microservice-Template,deployLocalFromAcr.yaml,0,0,0,0,0,0,0,0,0,0,False
Dapr-Microservice-Template,redis_messagebus.yaml,0,0,0,0,0,0,0,0,0,0,False
Dapr-Microservice-Template,redis.yaml,0,0,0,0,0,0,0,0,0,0,False
Dapr-Microservice-Template,azure-pipelines.yml,0,0,0,0,0,0,0,0,0,0,False
Dapr-Microservice-Template,deployDev.yaml,0,0,0,0,0,0,0,0,0,0,False
Dapr-Microservice-Template,deployLocal.yaml,0,0,0,0,0,0,0,0,0,0,False
Dapr-Microservice-Template,deploy.yaml,0,0,0,0,0,0,0,0,0,0,False
Dapr-Microservice-Template,deployProd.yaml,0,0,0,0,0,0,0,0,0,0,False
Dapr-Microservice-Template,deployLocalFromAcr.yaml,0,0,0,0,0,0,0,0,0,0,False
Dapr-Microservice-Template,dotnetcore.yml,0,0,0,0,0,0,0,0,0,0,False
advancedGoCloud,simple-k8s-client-deployment.yml,0,0,0,0,0,0,0,0,0,1,True
advancedGoCloud,simple-k8s-server-service.yml,0,0,0,0,0,0,0,0,0,0,False
advancedGoCloud,simple-k8s-server-deployment.yml,0,0,0,0,0,0,1,0,0,0,True
advancedGoCloud,simple-k8s-configmap.yml,1,1,0,0,0,0,0,0,0,0,True
advancedGoCloud,k8s-ingress.yml,0,0,0,0,0,0,0,0,0,0,False
advancedGoCloud,k8s-deployment.yml,0,0,0,0,0,0,1,0,0,0,True
advancedGoCloud,k8s-service.yml,0,0,0,0,0,0,0,0,0,0,False
spring-k8s-demo,Chart.yaml,0,0,0,0,0,0,0,0,0,0,False
spring-k8s-demo,values.yaml,0,0,0,0,0,0,0,0,0,0,False
spring-k8s-demo,gateway-service.yaml,0,0,0,0,0,0,0,0,0,0,False
spring-k8s-demo,mongodb-service.yaml,0,0,0,0,0,0,0,0,0,0,False
spring-k8s-demo,gateway-ingress.yaml,0,0,0,0,0,0,0,0,0,0,False
spring-k8s-demo,mongodb-deployment.yaml,0,0,0,0,0,0,0,0,0,0,False
spring-k8s-demo,signatureService-service.yaml,0,0,0,0,0,0,0,0,0,0,False
spring-k8s-demo,nats-service.yaml,0,0,0,0,0,0,0,0,0,0,False
spring-k8s-demo,nats-deployment.yaml,0,0,0,0,0,0,0,0,0,0,False
spring-k8s-demo,signatureService-deployment.yaml,0,0,0,0,0,0,0,0,0,0,False
spring-k8s-demo,gateway-deployment.yaml,0,0,0,0,0,0,0,0,0,0,False
udacity-project5-ml-microservice-kubernetes,config.yml,0,0,0,0,0,0,0,0,0,1,True
demo-k8s,02-worker-app.yaml,0,0,1,0,0,0,0,0,0,0,True
demo-k8s,08-voting-app-service.yaml,0,0,0,0,0,0,0,0,0,0,False
demo-k8s,05-postgres-pod.yaml,0,0,1,0,0,0,0,0,0,0,True
demo-k8s,09-result-app-service.yaml,0,0,0,0,0,0,0,0,0,0,False
demo-k8s,06-redis-service.yaml,0,0,0,0,0,0,0,0,0,0,False
demo-k8s,01-voting-app.yaml,0,0,1,0,0,0,0,0,0,0,True
demo-k8s,04-redis-pod.yaml,0,0,1,0,0,0,0,0,0,0,True
demo-k8s,03-result-app.yaml,0,0,1,0,0,0,0,0,0,0,True
demo-k8s,07-postgres-service.yaml,0,0,0,0,0,0,0,0,0,0,False
k8s-example,k8s-example-bookshelfservice.yaml,0,0,0,0,0,0,0,0,0,0,False
k8s-example,k8s-example-frontend.yaml,0,0,0,0,0,0,0,0,0,0,False
k8s-example,k8s-example-bookservice.yaml,0,0,0,0,0,0,0,0,0,0,False
k8s-example,k8s-example-database.yaml,0,0,0,0,0,0,0,0,0,0,False
k8s-example,application.yml,0,0,0,0,0,0,0,0,0,0,False
k8s-example,application.yml,0,0,0,0,0,0,0,0,0,0,False
k8s-example,application.yml,0,0,0,0,0,0,0,0,0,0,False
microservice-k8s-polyglot,skaffold.yaml,0,0,0,0,0,0,0,0,0,0,False
microservice-k8s-polyglot,front-end.yaml,0,0,0,0,0,0,0,0,0,0,False
microservice-k8s-polyglot,ingress.yaml,0,0,0,0,0,0,0,0,0,0,False
microservice-k8s-polyglot,ads.yaml,0,0,0,0,0,0,0,0,0,0,False
microservice-k8s-polyglot,dnsutils.yaml,0,0,0,0,0,0,0,0,0,0,False
microservice-k8s-polyglot,strapi.yaml,0,0,0,0,0,0,0,0,0,0,False
microservice-k8s-polyglot,gateway.yaml,0,0,0,0,0,0,0,0,0,0,False
microservice-k8s-polyglot,dnsUpstream.yaml,0,0,0,0,0,0,0,0,0,0,False
microservice-k8s-polyglot,weather.yaml,0,0,0,0,0,0,0,0,0,0,False
microservice-k8s-polyglot,newsservice.yaml,0,0,0,0,0,0,0,0,0,0,False
microservice-k8s-polyglot,oms.yaml,0,0,0,0,0,0,0,0,0,0,False
microservice-k8s-polyglot,product-availbility.yaml,0,0,0,0,0,0,0,0,0,0,False
microservice-k8s-polyglot,application.yaml,0,0,0,0,0,0,0,0,0,0,False
microservice-k8s-polyglot,application-prod.yaml,0,1,0,0,0,0,0,0,0,0,True
microservice-k8s-polyglot,application-dev.yaml,0,1,0,0,0,0,0,0,0,0,True
microservice-k8s-polyglot,gateway.yaml,0,0,0,0,0,0,0,0,0,0,False
microservice-k8s-polyglot,application-prod.yaml,0,5,0,0,0,0,0,0,0,0,True
microservice-k8s-polyglot,application-dev.yaml,0,5,0,0,0,0,0,0,0,0,True
microservice-k8s-polyglot,skaffold.yaml,0,0,0,0,0,0,0,0,0,0,False
k8s-springboot-data-rest,app-update-deploy.yaml,0,0,0,0,0,0,0,0,0,0,False
k8s-springboot-data-rest,app-deploy.yaml,0,0,0,0,0,0,0,0,0,0,False
k8s-springboot-data-rest,app-deploy-pull-secrets.yaml,0,0,0,0,0,0,0,0,0,0,False
k8s-springboot-data-rest,mysql-deploy.yaml,0,0,0,0,0,0,0,0,0,0,False
k8s-springboot-data-rest,mysql-deploy_v1.8.yaml,0,0,0,0,0,0,0,0,0,0,False
k8s-springboot-data-rest,app-deploy_v1.8.yaml,0,0,0,0,0,0,0,0,0,0,False
k8s-springboot-data-rest,create-aci.yaml,0,0,0,0,0,0,0,1,1,0,True
k8s-springboot-data-rest,po-deployment.yaml,0,0,0,0,0,0,0,0,0,9,True
k8s-springboot-data-rest,mysql-database-binding.yaml,0,0,0,0,0,0,0,0,0,0,False
k8s-springboot-data-rest,mysql-database-instance.yaml,0,0,0,0,0,0,0,0,0,0,False
k8s-springboot-data-rest,po-service.yaml,0,0,0,0,0,0,0,0,0,0,False
k8s-springboot-data-rest,mysql-dbms-instance.yaml,0,0,0,0,0,0,0,0,0,0,False
k8s-springboot-data-rest,Chart.yaml,0,0,0,0,0,0,0,0,0,0,False
k8s-springboot-data-rest,values.yaml,0,0,0,0,0,0,0,0,0,0,False
k8s-springboot-data-rest,deployment.yaml,0,0,0,0,0,0,0,0,0,0,False
k8s-springboot-data-rest,ingress.yaml,0,0,0,0,0,0,0,0,0,0,False
k8s-springboot-data-rest,service.yaml,0,0,0,0,0,0,0,0,0,0,False
k8s-springboot-data-rest,deploy-app-persistent.yaml,0,0,0,0,0,0,0,0,0,0,False
k8s-springboot-data-rest,mysql-deployment.yaml,0,0,0,0,0,0,0,0,0,4,True
k8s-springboot-data-rest,deploy-app.yaml,0,0,0,0,0,0,0,0,0,0,False
k8s-springboot-data-rest,app-deployment.yaml,0,0,0,0,0,0,0,0,0,0,False
k8s-springboot-data-rest,mysql-secret.yaml,0,0,0,0,0,0,0,0,0,0,False
k8s-springboot-data-rest,app-service.yaml,0,0,0,0,0,0,0,0,0,0,False
k8s-springboot-data-rest,app-config-map.yaml,0,0,0,0,0,0,0,0,0,0,False
k8s-springboot-data-rest,mysql-svc.yaml,0,0,0,0,0,0,0,0,0,0,False
k8s-springboot-data-rest,app-mysql-secret.yaml,0,0,0,0,0,0,0,0,0,0,False
k8s-springboot-data-rest,Chart.yaml,0,0,0,0,0,0,0,0,0,0,False
k8s-springboot-data-rest,values.yaml,0,0,0,0,0,0,0,0,0,0,False
k8s-springboot-data-rest,deployment.yaml,0,0,0,0,0,0,0,0,0,0,False
k8s-springboot-data-rest,ingress.yaml,0,0,0,0,0,0,0,0,0,0,False
k8s-springboot-data-rest,service.yaml,0,0,0,0,0,0,0,0,0,0,False
k8s-springboot-data-rest,internal-lb.yaml,0,0,0,0,0,0,0,0,0,0,False
k8s-springboot-data-rest,internal-ingress.yaml,0,0,0,0,0,0,0,0,0,0,False
k8s-springboot-data-rest,Chart.yaml,0,0,0,0,0,0,0,0,0,0,False
k8s-springboot-data-rest,values.yaml,0,0,0,0,0,0,0,0,0,0,False
k8s-springboot-data-rest,Chart.yaml,0,0,0,0,0,0,0,0,0,0,False
k8s-springboot-data-rest,values.yaml,0,0,0,0,0,0,0,0,0,0,False
k8s-springboot-data-rest,deployment.yaml,0,0,0,0,0,0,0,0,0,0,False
k8s-springboot-data-rest,secrets.yaml,0,0,0,0,0,0,0,0,0,0,False
k8s-springboot-data-rest,ingress.yaml,0,0,0,0,0,0,0,0,0,0,False
k8s-springboot-data-rest,service.yaml,0,0,0,0,0,0,0,0,0,0,False
k8s-springboot-data-rest,deployment.yaml,0,0,0,0,0,0,0,0,0,0,False
k8s-springboot-data-rest,configmap_db.yaml,0,0,0,0,0,0,0,0,0,0,False
k8s-springboot-data-rest,ingress.yaml,0,0,0,0,0,0,0,0,0,0,False
k8s-springboot-data-rest,service.yaml,0,0,0,0,0,0,0,0,0,0,False
k8s-springboot-data-rest,configmap.yaml,0,0,0,0,0,0,0,0,0,0,False
k8s-springboot-data-rest,secret.yaml,0,0,0,0,0,0,0,0,0,0,False
microservice-namespace,ingress.yaml,0,0,0,0,0,0,0,0,0,0,False
microservice-namespace,namespace.yaml,0,0,0,0,0,0,0,0,0,0,False
microservice-namespace,ingress.yaml,0,0,0,0,0,0,0,0,0,0,False
microservice-namespace,namespace.yaml,0,0,0,0,0,0,0,0,0,0,False
eShopOnContainers,helm-rbac.yaml,0,0,0,0,0,0,0,0,0,0,False
eShopOnContainers,dashboard-adminuser.yaml,0,0,0,0,0,0,0,0,0,0,False
eShopOnContainers,mandatory.yaml,0,0,0,0,0,0,0,0,0,0,False
eShopOnContainers,service-nodeport.yaml,0,0,0,0,0,0,0,0,0,0,False
eShopOnContainers,local-cm.yaml,0,0,0,0,0,0,0,0,0,0,False
eShopOnContainers,local-svc.yaml,0,0,0,0,0,0,0,0,0,0,False
eShopOnContainers,mvc-fix.yaml,1,0,0,0,0,0,0,0,0,0,True
eShopOnContainers,identityapi-cm-fix.yaml,0,1,0,0,0,0,0,0,0,0,True
eShopOnContainers,mvc-cm-fix.yaml,0,2,0,0,0,0,0,0,0,0,True
eShopOnContainers,basket-api-sp.yaml,1,0,0,0,0,0,0,0,0,0,True
eShopOnContainers,catalog-api-sp.yaml,1,0,0,0,0,0,0,0,0,0,True
eShopOnContainers,helm-rbac.yaml,0,0,0,0,0,0,0,0,0,0,False
eShopOnContainers,dashboard-adminuser.yaml,0,0,0,0,0,0,0,0,0,0,False
eShopOnContainers,mandatory.yaml,0,0,0,0,0,0,0,0,0,0,False
eShopOnContainers,service-nodeport.yaml,0,0,0,0,0,0,0,0,0,0,False
eShopOnContainers,local-cm.yaml,0,0,0,0,0,0,0,0,0,0,False
eShopOnContainers,local-svc.yaml,0,0,0,0,0,0,0,0,0,0,False
eShopOnContainers,mvc-fix.yaml,1,0,0,0,0,0,0,0,0,0,True
eShopOnContainers,identityapi-cm-fix.yaml,0,1,0,0,0,0,0,0,0,0,True
eShopOnContainers,mvc-cm-fix.yaml,0,2,0,0,0,0,0,0,0,0,True
eShopOnContainers,basket-api-sp.yaml,1,0,0,0,0,0,0,0,0,0,True
eShopOnContainers,catalog-api-sp.yaml,1,0,0,0,0,0,0,0,0,0,True
eShopOnContainers,ingress_values_dockerk8s.yaml,0,0,0,0,0,0,0,0,0,0,False
eShopOnContainers,app.yaml,0,0,0,0,0,0,0,0,0,0,False
eShopOnContainers,aks-httpaddon-cfg.yaml,0,0,0,0,0,0,0,0,0,0,False
eShopOnContainers,ingress_values_linkerd.yaml,0,0,0,0,0,0,0,0,0,0,False
eShopOnContainers,ingress_values.yaml,0,0,0,0,0,0,0,0,0,0,False
eShopOnContainers,inf.yaml,0,0,0,0,0,0,0,1,0,1,True
eShopOnContainers,Chart.yaml,0,0,0,0,0,0,0,0,0,0,False
eShopOnContainers,values.yaml,0,0,0,0,0,0,0,0,0,6,True
eShopOnContainers,deployment.yaml,0,0,0,0,0,0,0,0,0,0,False
eShopOnContainers,ingress.yaml,0,0,0,0,0,0,0,0,0,0,False
eShopOnContainers,service.yaml,0,0,0,0,0,0,0,0,0,0,False
eShopOnContainers,configmap.yaml,0,0,0,0,0,0,0,0,0,0,False
eShopOnContainers,Chart.yaml,0,0,0,0,0,0,0,0,0,0,False
eShopOnContainers,values.yaml,0,0,0,0,0,0,0,0,0,7,True
eShopOnContainers,deployment.yaml,0,0,0,0,0,0,0,0,0,0,False
eShopOnContainers,service.yaml,0,0,0,0,0,0,0,0,0,0,False
eShopOnContainers,configmap.yaml,0,0,0,0,0,0,0,0,0,0,False
eShopOnContainers,Chart.yaml,0,0,0,0,0,0,0,0,0,0,False
eShopOnContainers,values.yaml,0,0,0,0,0,0,0,0,0,5,True
eShopOnContainers,deployment.yaml,0,0,0,0,0,0,0,0,0,0,False
eShopOnContainers,service.yaml,0,0,0,0,0,0,0,0,0,0,False
eShopOnContainers,configmap.yaml,0,0,0,0,0,0,0,0,0,0,False
eShopOnContainers,envoy.yaml,0,0,0,0,0,0,0,0,0,0,False
eShopOnContainers,Chart.yaml,0,0,0,0,0,0,0,0,0,0,False
eShopOnContainers,values.yaml,0,0,0,0,0,0,0,0,0,0,False
eShopOnContainers,deployment.yaml,0,0,0,0,0,0,0,0,0,0,False
eShopOnContainers,ingress.yaml,0,0,0,0,0,0,0,0,0,0,False
eShopOnContainers,service.yaml,0,0,0,0,0,0,0,0,0,0,False
eShopOnContainers,envoy-cm.yaml,0,0,0,0,0,0,0,0,0,0,False
eShopOnContainers,Chart.yaml,0,0,0,0,0,0,0,0,0,0,False
eShopOnContainers,values.yaml,0,0,0,0,0,0,0,0,0,6,True
eShopOnContainers,deployment.yaml,0,0,0,0,0,0,0,0,0,0,False
eShopOnContainers,service.yaml,0,0,0,0,0,0,0,0,0,0,False
eShopOnContainers,configmap.yaml,0,0,0,0,0,0,0,0,0,0,False
eShopOnContainers,Chart.yaml,0,0,0,0,0,0,0,0,0,0,False
eShopOnContainers,values.yaml,0,0,0,0,0,0,0,0,0,10,True
eShopOnContainers,deployment.yaml,0,0,0,0,0,0,0,0,0,0,False
eShopOnContainers,ingress.yaml,0,0,0,0,0,0,0,0,0,0,False
eShopOnContainers,service.yaml,0,0,0,0,0,0,0,0,0,0,False
eShopOnContainers,configmap.yaml,0,0,0,0,0,0,0,0,0,0,False
eShopOnContainers,ingress-dockerk8s.yaml,0,0,0,0,0,0,0,0,0,0,False
eShopOnContainers,envoy.yaml,0,0,0,0,0,0,0,0,0,0,False
eShopOnContainers,Chart.yaml,0,0,0,0,0,0,0,0,0,0,False
eShopOnContainers,values.yaml,0,0,0,0,0,0,0,0,0,0,False
eShopOnContainers,deployment.yaml,0,0,0,0,0,0,0,0,0,0,False
eShopOnContainers,ingress.yaml,0,0,0,0,0,0,0,0,0,0,False
eShopOnContainers,service.yaml,0,0,0,0,0,0,0,0,0,0,False
eShopOnContainers,envoy-cm.yaml,0,0,0,0,0,0,0,0,0,0,False
eShopOnContainers,Chart.yaml,0,0,0,0,0,0,0,0,0,0,False
eShopOnContainers,values.yaml,0,0,0,0,0,0,0,0,0,0,False
eShopOnContainers,deployment.yaml,0,0,0,0,0,0,0,0,0,0,False
eShopOnContainers,service.yaml,0,0,0,0,0,0,0,0,0,0,False
eShopOnContainers,Chart.yaml,0,0,0,0,0,0,0,0,0,0,False
eShopOnContainers,values.yaml,0,0,0,0,0,0,0,0,0,3,True
eShopOnContainers,deployment.yaml,0,0,0,0,0,0,0,0,0,0,False
eShopOnContainers,service.yaml,0,0,0,0,0,0,0,0,0,0,False
eShopOnContainers,configmap.yaml,0,0,0,0,0,0,0,0,0,0,False
eShopOnContainers,Chart.yaml,0,0,0,0,0,0,0,0,0,0,False
eShopOnContainers,values.yaml,0,1,0,0,0,0,0,0,0,15,True
eShopOnContainers,deployment.yaml,0,0,0,0,0,0,0,0,0,0,False
eShopOnContainers,service.yaml,0,0,0,0,0,0,0,0,0,0,False
eShopOnContainers,configmap.yaml,0,0,0,0,0,0,0,0,0,0,False
eShopOnContainers,Chart.yaml,0,0,0,0,0,0,0,0,0,0,False
eShopOnContainers,values-staging.yaml,0,0,0,0,0,0,0,0,0,0,False
eShopOnContainers,values-prod.yaml,0,0,0,0,0,0,0,0,0,0,False
eShopOnContainers,issuer.yaml,0,0,0,0,0,0,0,0,0,0,False
eShopOnContainers,Chart.yaml,0,0,0,0,0,0,0,0,0,0,False
eShopOnContainers,values.yaml,0,0,0,0,0,0,0,0,0,0,False
eShopOnContainers,deployment.yaml,0,0,0,0,0,0,0,0,0,0,False
eShopOnContainers,service.yaml,0,0,0,0,0,0,0,0,0,0,False
eShopOnContainers,Chart.yaml,0,0,0,0,0,0,0,0,0,0,False
eShopOnContainers,values.yaml,0,0,0,0,0,0,0,0,0,8,True
eShopOnContainers,deployment.yaml,0,0,0,0,0,0,0,0,0,0,False
eShopOnContainers,service.yaml,0,0,0,0,0,0,0,0,0,0,False
eShopOnContainers,configmap.yaml,0,0,0,0,0,0,0,0,0,0,False
eShopOnContainers,envoy.yaml,0,0,0,0,0,0,0,0,0,0,False
eShopOnContainers,Chart.yaml,0,0,0,0,0,0,0,0,0,0,False
eShopOnContainers,values.yaml,0,0,0,0,0,0,0,0,0,0,False
eShopOnContainers,deployment.yaml,0,0,0,0,0,0,0,0,0,0,False
eShopOnContainers,ingress.yaml,0,0,0,0,0,0,0,0,0,0,False
eShopOnContainers,service.yaml,0,0,0,0,0,0,0,0,0,0,False
eShopOnContainers,envoy-cm.yaml,0,0,0,0,0,0,0,0,0,0,False
eShopOnContainers,Chart.yaml,0,0,0,0,0,0,0,0,0,0,False
eShopOnContainers,values.yaml,0,0,0,0,0,0,0,0,0,0,False
eShopOnContainers,deployment.yaml,0,0,0,0,0,0,0,0,0,0,False
eShopOnContainers,service.yaml,0,0,0,0,0,0,0,0,0,0,False
eShopOnContainers,Chart.yaml,0,0,0,0,0,0,0,0,0,0,False
eShopOnContainers,values.yaml,0,0,0,0,0,0,0,0,0,6,True
eShopOnContainers,deployment.yaml,0,0,0,0,0,0,0,0,0,0,False
eShopOnContainers,service.yaml,0,0,0,0,0,0,0,0,0,0,False
eShopOnContainers,configmap.yaml,0,0,0,0,0,0,0,0,0,0,False
eShopOnContainers,Chart.yaml,0,0,0,0,0,0,0,0,0,0,False
eShopOnContainers,values.yaml,0,0,0,0,0,0,0,0,0,10,True
eShopOnContainers,deployment.yaml,0,0,0,0,0,0,0,0,0,0,False
eShopOnContainers,service.yaml,0,0,0,0,0,0,0,0,0,0,False
eShopOnContainers,configmap.yaml,0,0,0,0,0,0,0,0,0,0,False
eShopOnContainers,Chart.yaml,0,0,0,0,0,0,0,0,0,0,False
eShopOnContainers,values.yaml,0,0,0,0,0,0,0,0,0,27,True
eShopOnContainers,deployment.yaml,0,0,0,0,0,0,0,0,0,0,False
eShopOnContainers,ingress.yaml,0,0,0,0,0,0,0,0,0,0,False
eShopOnContainers,service.yaml,0,0,0,0,0,0,0,0,0,0,False
eShopOnContainers,configmap.yaml,0,0,0,0,0,0,0,0,0,0,False
eShopOnContainers,Chart.yaml,0,0,0,0,0,0,0,0,0,0,False
eShopOnContainers,values.yaml,0,0,0,0,0,0,0,0,0,15,True
eShopOnContainers,deployment.yaml,0,0,0,0,0,0,0,0,0,0,False
eShopOnContainers,ingress.yaml,0,0,0,0,0,0,0,0,0,0,False
eShopOnContainers,service.yaml,0,0,0,0,0,0,0,0,0,0,False
eShopOnContainers,configmap.yaml,0,0,0,0,0,0,0,0,0,0,False
eShopOnContainers,ingress-dockerk8s.yaml,0,0,0,0,0,0,0,0,0,0,False
eShopOnContainers,Chart.yaml,0,0,0,0,0,0,0,0,0,0,False
eShopOnContainers,values.yaml,0,1,0,0,0,0,0,0,0,15,True
eShopOnContainers,deployment.yaml,0,0,0,0,0,0,0,0,0,0,False
eShopOnContainers,service.yaml,0,0,0,0,0,0,0,0,0,0,False
eShopOnContainers,configmap.yaml,0,0,0,0,0,0,0,0,0,0,False
eShopOnContainers,Chart.yaml,0,0,0,0,0,0,0,0,0,0,False
eShopOnContainers,values.yaml,0,0,0,0,0,0,0,0,0,6,True
eShopOnContainers,deployment.yaml,0,0,0,0,0,0,0,0,0,0,False
eShopOnContainers,service.yaml,0,0,0,0,0,0,0,0,0,0,False
eShopOnContainers,configmap.yaml,0,0,0,0,0,0,0,0,0,0,False
eShopOnContainers,envoy.yaml,0,0,0,0,0,0,0,0,0,0,False
eShopOnContainers,Chart.yaml,0,0,0,0,0,0,0,0,0,0,False
eShopOnContainers,values.yaml,0,0,0,0,0,0,0,0,0,0,False
eShopOnContainers,deployment.yaml,0,0,0,0,0,0,0,0,0,0,False
eShopOnContainers,ingress.yaml,0,0,0,0,0,0,0,0,0,0,False
eShopOnContainers,service.yaml,0,0,0,0,0,0,0,0,0,0,False
eShopOnContainers,envoy-cm.yaml,0,0,0,0,0,0,0,0,0,0,False
eShopOnContainers,Chart.yaml,0,0,0,0,0,0,0,0,0,0,False
eShopOnContainers,values.yaml,0,0,0,0,0,0,0,0,0,0,False
eShopOnContainers,deployment.yaml,0,0,0,0,0,0,0,0,0,0,False
eShopOnContainers,service.yaml,0,0,0,0,0,0,0,0,0,0,False
eShopOnContainers,Chart.yaml,0,0,0,0,0,0,0,0,0,0,False
eShopOnContainers,values.yaml,0,0,0,0,0,0,0,0,0,0,False
eShopOnContainers,secret.yaml,0,0,0,0,0,0,0,0,0,0,False
eShopOnContainers,Chart.yaml,0,0,0,0,0,0,0,0,0,0,False
eShopOnContainers,values.yaml,0,0,0,0,0,0,0,0,0,0,False
eShopOnContainers,deployment.yaml,0,0,0,0,0,0,0,0,0,0,False
eShopOnContainers,service.yaml,0,0,0,0,0,0,0,0,0,0,False
eShopOnContainers,Chart.yaml,0,0,0,0,0,0,0,0,0,0,False
eShopOnContainers,values.yaml,0,1,0,0,0,0,0,0,0,9,True
eShopOnContainers,deployment.yaml,0,0,0,0,0,0,0,0,0,0,False
eShopOnContainers,ingress.yaml,0,0,0,0,0,0,0,0,0,0,False
eShopOnContainers,service.yaml,0,0,0,0,0,0,0,0,0,0,False
eShopOnContainers,configmap.yaml,0,0,0,0,0,0,0,0,0,0,False
eShopOnContainers,Chart.yaml,0,0,0,0,0,0,0,0,0,0,False
eShopOnContainers,values.yaml,0,0,0,0,0,0,0,0,0,4,True
eShopOnContainers,deployment.yaml,0,0,0,0,0,0,0,0,0,0,False
eShopOnContainers,ingress.yaml,0,0,0,0,0,0,0,0,0,0,False
eShopOnContainers,service.yaml,0,0,0,0,0,0,0,0,0,0,False
eShopOnContainers,configmap.yaml,0,0,0,0,0,0,0,0,0,0,False
eShopOnContainers,sql-service.yaml,0,0,0,0,0,0,0,0,0,0,False
eShopOnContainers,rabbitmq-admin.yaml,0,0,0,0,0,0,0,0,0,0,False
eShopOnContainers,ingress_values_dockerk8s.yaml,0,0,0,0,0,0,0,0,0,0,False
eShopOnContainers,app.yaml,0,0,0,0,0,0,0,0,0,0,False
eShopOnContainers,aks-httpaddon-cfg.yaml,0,0,0,0,0,0,0,0,0,0,False
eShopOnContainers,ingress_values_linkerd.yaml,0,0,0,0,0,0,0,0,0,0,False
eShopOnContainers,ingress_values.yaml,0,0,0,0,0,0,0,0,0,0,False
eShopOnContainers,inf.yaml,0,0,0,0,0,0,0,1,0,1,True
eShopOnContainers,Chart.yaml,0,0,0,0,0,0,0,0,0,0,False
eShopOnContainers,values.yaml,0,0,0,0,0,0,0,0,0,6,True
eShopOnContainers,deployment.yaml,0,0,0,0,0,0,0,0,0,0,False
eShopOnContainers,ingress.yaml,0,0,0,0,0,0,0,0,0,0,False
eShopOnContainers,service.yaml,0,0,0,0,0,0,0,0,0,0,False
eShopOnContainers,configmap.yaml,0,0,0,0,0,0,0,0,0,0,False
eShopOnContainers,Chart.yaml,0,0,0,0,0,0,0,0,0,0,False
eShopOnContainers,values.yaml,0,0,0,0,0,0,0,0,0,7,True
eShopOnContainers,deployment.yaml,0,0,0,0,0,0,0,0,0,0,False
eShopOnContainers,service.yaml,0,0,0,0,0,0,0,0,0,0,False
eShopOnContainers,configmap.yaml,0,0,0,0,0,0,0,0,0,0,False
eShopOnContainers,Chart.yaml,0,0,0,0,0,0,0,0,0,0,False
eShopOnContainers,values.yaml,0,0,0,0,0,0,0,0,0,5,True
eShopOnContainers,deployment.yaml,0,0,0,0,0,0,0,0,0,0,False
eShopOnContainers,service.yaml,0,0,0,0,0,0,0,0,0,0,False
eShopOnContainers,configmap.yaml,0,0,0,0,0,0,0,0,0,0,False
eShopOnContainers,envoy.yaml,0,0,0,0,0,0,0,0,0,0,False
eShopOnContainers,Chart.yaml,0,0,0,0,0,0,0,0,0,0,False
eShopOnContainers,values.yaml,0,0,0,0,0,0,0,0,0,0,False
eShopOnContainers,deployment.yaml,0,0,0,0,0,0,0,0,0,0,False
eShopOnContainers,ingress.yaml,0,0,0,0,0,0,0,0,0,0,False
eShopOnContainers,service.yaml,0,0,0,0,0,0,0,0,0,0,False
eShopOnContainers,envoy-cm.yaml,0,0,0,0,0,0,0,0,0,0,False
eShopOnContainers,Chart.yaml,0,0,0,0,0,0,0,0,0,0,False
eShopOnContainers,values.yaml,0,0,0,0,0,0,0,0,0,6,True
eShopOnContainers,deployment.yaml,0,0,0,0,0,0,0,0,0,0,False
eShopOnContainers,service.yaml,0,0,0,0,0,0,0,0,0,0,False
eShopOnContainers,configmap.yaml,0,0,0,0,0,0,0,0,0,0,False
eShopOnContainers,Chart.yaml,0,0,0,0,0,0,0,0,0,0,False
eShopOnContainers,values.yaml,0,0,0,0,0,0,0,0,0,10,True
eShopOnContainers,deployment.yaml,0,0,0,0,0,0,0,0,0,0,False
eShopOnContainers,ingress.yaml,0,0,0,0,0,0,0,0,0,0,False
eShopOnContainers,service.yaml,0,0,0,0,0,0,0,0,0,0,False
eShopOnContainers,configmap.yaml,0,0,0,0,0,0,0,0,0,0,False
eShopOnContainers,ingress-dockerk8s.yaml,0,0,0,0,0,0,0,0,0,0,False
eShopOnContainers,envoy.yaml,0,0,0,0,0,0,0,0,0,0,False
eShopOnContainers,Chart.yaml,0,0,0,0,0,0,0,0,0,0,False
eShopOnContainers,values.yaml,0,0,0,0,0,0,0,0,0,0,False
eShopOnContainers,deployment.yaml,0,0,0,0,0,0,0,0,0,0,False
eShopOnContainers,ingress.yaml,0,0,0,0,0,0,0,0,0,0,False
eShopOnContainers,service.yaml,0,0,0,0,0,0,0,0,0,0,False
eShopOnContainers,envoy-cm.yaml,0,0,0,0,0,0,0,0,0,0,False
eShopOnContainers,Chart.yaml,0,0,0,0,0,0,0,0,0,0,False
eShopOnContainers,values.yaml,0,0,0,0,0,0,0,0,0,0,False
eShopOnContainers,deployment.yaml,0,0,0,0,0,0,0,0,0,0,False
eShopOnContainers,service.yaml,0,0,0,0,0,0,0,0,0,0,False
eShopOnContainers,Chart.yaml,0,0,0,0,0,0,0,0,0,0,False
eShopOnContainers,values.yaml,0,0,0,0,0,0,0,0,0,3,True
eShopOnContainers,deployment.yaml,0,0,0,0,0,0,0,0,0,0,False
eShopOnContainers,service.yaml,0,0,0,0,0,0,0,0,0,0,False
eShopOnContainers,configmap.yaml,0,0,0,0,0,0,0,0,0,0,False
eShopOnContainers,Chart.yaml,0,0,0,0,0,0,0,0,0,0,False
eShopOnContainers,values.yaml,0,1,0,0,0,0,0,0,0,15,True
eShopOnContainers,deployment.yaml,0,0,0,0,0,0,0,0,0,0,False
eShopOnContainers,service.yaml,0,0,0,0,0,0,0,0,0,0,False
eShopOnContainers,configmap.yaml,0,0,0,0,0,0,0,0,0,0,False
eShopOnContainers,Chart.yaml,0,0,0,0,0,0,0,0,0,0,False
eShopOnContainers,values-staging.yaml,0,0,0,0,0,0,0,0,0,0,False
eShopOnContainers,values-prod.yaml,0,0,0,0,0,0,0,0,0,0,False
eShopOnContainers,issuer.yaml,0,0,0,0,0,0,0,0,0,0,False
eShopOnContainers,Chart.yaml,0,0,0,0,0,0,0,0,0,0,False
eShopOnContainers,values.yaml,0,0,0,0,0,0,0,0,0,0,False
eShopOnContainers,deployment.yaml,0,0,0,0,0,0,0,0,0,0,False
eShopOnContainers,service.yaml,0,0,0,0,0,0,0,0,0,0,False
eShopOnContainers,Chart.yaml,0,0,0,0,0,0,0,0,0,0,False
eShopOnContainers,values.yaml,0,0,0,0,0,0,0,0,0,8,True
eShopOnContainers,deployment.yaml,0,0,0,0,0,0,0,0,0,0,False
eShopOnContainers,service.yaml,0,0,0,0,0,0,0,0,0,0,False
eShopOnContainers,configmap.yaml,0,0,0,0,0,0,0,0,0,0,False
eShopOnContainers,envoy.yaml,0,0,0,0,0,0,0,0,0,0,False
eShopOnContainers,Chart.yaml,0,0,0,0,0,0,0,0,0,0,False
eShopOnContainers,values.yaml,0,0,0,0,0,0,0,0,0,0,False
eShopOnContainers,deployment.yaml,0,0,0,0,0,0,0,0,0,0,False
eShopOnContainers,ingress.yaml,0,0,0,0,0,0,0,0,0,0,False
eShopOnContainers,service.yaml,0,0,0,0,0,0,0,0,0,0,False
eShopOnContainers,envoy-cm.yaml,0,0,0,0,0,0,0,0,0,0,False
eShopOnContainers,Chart.yaml,0,0,0,0,0,0,0,0,0,0,False
eShopOnContainers,values.yaml,0,0,0,0,0,0,0,0,0,0,False
eShopOnContainers,deployment.yaml,0,0,0,0,0,0,0,0,0,0,False
eShopOnContainers,service.yaml,0,0,0,0,0,0,0,0,0,0,False
eShopOnContainers,Chart.yaml,0,0,0,0,0,0,0,0,0,0,False
eShopOnContainers,values.yaml,0,0,0,0,0,0,0,0,0,6,True
eShopOnContainers,deployment.yaml,0,0,0,0,0,0,0,0,0,0,False
eShopOnContainers,service.yaml,0,0,0,0,0,0,0,0,0,0,False
eShopOnContainers,configmap.yaml,0,0,0,0,0,0,0,0,0,0,False
eShopOnContainers,Chart.yaml,0,0,0,0,0,0,0,0,0,0,False
eShopOnContainers,values.yaml,0,0,0,0,0,0,0,0,0,10,True
eShopOnContainers,deployment.yaml,0,0,0,0,0,0,0,0,0,0,False
eShopOnContainers,service.yaml,0,0,0,0,0,0,0,0,0,0,False
eShopOnContainers,configmap.yaml,0,0,0,0,0,0,0,0,0,0,False
eShopOnContainers,Chart.yaml,0,0,0,0,0,0,0,0,0,0,False
eShopOnContainers,values.yaml,0,0,0,0,0,0,0,0,0,27,True
eShopOnContainers,deployment.yaml,0,0,0,0,0,0,0,0,0,0,False
eShopOnContainers,ingress.yaml,0,0,0,0,0,0,0,0,0,0,False
eShopOnContainers,service.yaml,0,0,0,0,0,0,0,0,0,0,False
eShopOnContainers,configmap.yaml,0,0,0,0,0,0,0,0,0,0,False
eShopOnContainers,Chart.yaml,0,0,0,0,0,0,0,0,0,0,False
eShopOnContainers,values.yaml,0,0,0,0,0,0,0,0,0,15,True
eShopOnContainers,deployment.yaml,0,0,0,0,0,0,0,0,0,0,False
eShopOnContainers,ingress.yaml,0,0,0,0,0,0,0,0,0,0,False
eShopOnContainers,service.yaml,0,0,0,0,0,0,0,0,0,0,False
eShopOnContainers,configmap.yaml,0,0,0,0,0,0,0,0,0,0,False
eShopOnContainers,ingress-dockerk8s.yaml,0,0,0,0,0,0,0,0,0,0,False
eShopOnContainers,Chart.yaml,0,0,0,0,0,0,0,0,0,0,False
eShopOnContainers,values.yaml,0,1,0,0,0,0,0,0,0,15,True
eShopOnContainers,deployment.yaml,0,0,0,0,0,0,0,0,0,0,False
eShopOnContainers,service.yaml,0,0,0,0,0,0,0,0,0,0,False
eShopOnContainers,configmap.yaml,0,0,0,0,0,0,0,0,0,0,False
eShopOnContainers,Chart.yaml,0,0,0,0,0,0,0,0,0,0,False
eShopOnContainers,values.yaml,0,0,0,0,0,0,0,0,0,6,True
eShopOnContainers,deployment.yaml,0,0,0,0,0,0,0,0,0,0,False
eShopOnContainers,service.yaml,0,0,0,0,0,0,0,0,0,0,False
eShopOnContainers,configmap.yaml,0,0,0,0,0,0,0,0,0,0,False
eShopOnContainers,envoy.yaml,0,0,0,0,0,0,0,0,0,0,False
eShopOnContainers,Chart.yaml,0,0,0,0,0,0,0,0,0,0,False
eShopOnContainers,values.yaml,0,0,0,0,0,0,0,0,0,0,False
eShopOnContainers,deployment.yaml,0,0,0,0,0,0,0,0,0,0,False
eShopOnContainers,ingress.yaml,0,0,0,0,0,0,0,0,0,0,False
eShopOnContainers,service.yaml,0,0,0,0,0,0,0,0,0,0,False
eShopOnContainers,envoy-cm.yaml,0,0,0,0,0,0,0,0,0,0,False
eShopOnContainers,Chart.yaml,0,0,0,0,0,0,0,0,0,0,False
eShopOnContainers,values.yaml,0,0,0,0,0,0,0,0,0,0,False
eShopOnContainers,deployment.yaml,0,0,0,0,0,0,0,0,0,0,False
eShopOnContainers,service.yaml,0,0,0,0,0,0,0,0,0,0,False
eShopOnContainers,Chart.yaml,0,0,0,0,0,0,0,0,0,0,False
eShopOnContainers,values.yaml,0,0,0,0,0,0,0,0,0,0,False
eShopOnContainers,secret.yaml,0,0,0,0,0,0,0,0,0,0,False
eShopOnContainers,Chart.yaml,0,0,0,0,0,0,0,0,0,0,False
eShopOnContainers,values.yaml,0,0,0,0,0,0,0,0,0,0,False
eShopOnContainers,deployment.yaml,0,0,0,0,0,0,0,0,0,0,False
eShopOnContainers,service.yaml,0,0,0,0,0,0,0,0,0,0,False
eShopOnContainers,Chart.yaml,0,0,0,0,0,0,0,0,0,0,False
eShopOnContainers,values.yaml,0,1,0,0,0,0,0,0,0,9,True
eShopOnContainers,deployment.yaml,0,0,0,0,0,0,0,0,0,0,False
eShopOnContainers,ingress.yaml,0,0,0,0,0,0,0,0,0,0,False
eShopOnContainers,service.yaml,0,0,0,0,0,0,0,0,0,0,False
eShopOnContainers,configmap.yaml,0,0,0,0,0,0,0,0,0,0,False
eShopOnContainers,Chart.yaml,0,0,0,0,0,0,0,0,0,0,False
eShopOnContainers,values.yaml,0,0,0,0,0,0,0,0,0,4,True
eShopOnContainers,deployment.yaml,0,0,0,0,0,0,0,0,0,0,False
eShopOnContainers,ingress.yaml,0,0,0,0,0,0,0,0,0,0,False
eShopOnContainers,service.yaml,0,0,0,0,0,0,0,0,0,0,False
eShopOnContainers,configmap.yaml,0,0,0,0,0,0,0,0,0,0,False
eShopOnContainers,sql-service.yaml,0,0,0,0,0,0,0,0,0,0,False
eShopOnContainers,rabbitmq-admin.yaml,0,0,0,0,0,0,0,0,0,0,False
eShopOnContainers,kibana.yml,0,1,0,0,0,0,0,0,0,0,True
eShopOnContainers,logstash.yml,0,0,0,0,0,0,0,0,0,0,False
eShopOnContainers,elasticsearch.yml,0,0,0,0,0,0,0,0,0,0,False
eShopOnContainers,buildimages.yaml,0,0,0,0,0,0,0,0,0,0,False
eShopOnContainers,multiarch.yaml,0,0,0,0,0,0,0,0,0,0,False
eShopOnContainers,azure-pipelines.yml,0,0,0,0,0,0,0,0,0,0,False
eShopOnContainers,azure-pipelines.yml,0,0,0,0,0,0,0,0,0,0,False
eShopOnContainers,azure-pipelines.yml,0,0,0,0,0,0,0,0,0,0,False
eShopOnContainers,azure-pipelines.yml,0,0,0,0,0,0,0,0,0,0,False
eShopOnContainers,azure-pipelines.yml,0,0,0,0,0,0,0,0,0,0,False
eShopOnContainers,azure-pipelines.yml,0,0,0,0,0,0,0,0,0,0,False
eShopOnContainers,azure-pipelines.yml,0,0,0,0,0,0,0,0,0,0,False
eShopOnContainers,azure-pipelines.yml,0,0,0,0,0,0,0,0,0,0,False
eShopOnContainers,azure-pipelines.yml,0,0,0,0,0,0,0,0,0,0,False
eShopOnContainers,azure-pipelines.yml,0,0,0,0,0,0,0,0,0,0,False
eShopOnContainers,azure-pipelines.yml,0,0,0,0,0,0,0,0,0,0,False
eShopOnContainers,azure-pipelines.yml,0,0,0,0,0,0,0,0,0,0,False
eShopOnContainers,azure-pipelines.yml,0,0,0,0,0,0,0,0,0,0,False
eShopOnContainers,azure-pipelines.yml,0,0,0,0,0,0,0,0,0,0,False
eShopOnContainers,azure-pipelines.yml,0,0,0,0,0,0,0,0,0,0,False
eShopOnContainers,azure-pipelines.yml,0,0,0,0,0,0,0,0,0,0,False
eShopOnContainers,docker-compose.windows.yml,0,0,0,0,0,0,0,0,0,0,False
eShopOnContainers,docker-compose.override.yml,0,0,0,0,0,0,0,0,0,0,False
eShopOnContainers,docker-compose-tests.yml,0,0,0,0,0,0,0,0,0,0,False
eShopOnContainers,docker-compose.elk.yml,0,0,0,0,0,0,0,0,0,0,False
eShopOnContainers,docker-compose-windows.prod.yml,0,0,0,0,0,0,0,0,0,0,False
eShopOnContainers,docker-compose-tests.override.yml,0,0,0,0,0,0,0,0,0,0,False
eShopOnContainers,docker-compose.prod.yml,0,0,0,0,0,0,0,0,0,0,False
eShopOnContainers,docker-compose.override.windows.yml,0,0,0,0,0,0,0,0,0,0,False
eShopOnContainers,azds.yaml,0,0,0,0,0,0,0,0,0,0,False
eShopOnContainers,values.dev.yaml,0,0,0,0,0,0,0,0,0,0,False
eShopOnContainers,.sass-lint.yml,0,0,0,0,0,0,0,0,0,0,False
eShopOnContainers,azds.yaml,0,0,0,0,0,0,0,0,0,0,False
eShopOnContainers,values.dev.yaml,0,0,0,0,0,0,0,0,0,0,False
eShopOnContainers,envoy.yaml,0,0,0,0,0,0,0,0,0,0,False
eShopOnContainers,envoy.yaml,0,0,0,0,0,0,0,0,0,0,False
eShopOnContainers,envoy.yaml,0,0,0,0,0,0,0,0,0,0,False
eShopOnContainers,envoy.yaml,0,0,0,0,0,0,0,0,0,0,False
eShopOnContainers,azds.yaml,0,0,0,0,0,0,0,0,0,0,False
eShopOnContainers,values.dev.yaml,0,0,0,0,0,0,0,0,0,0,False
eShopOnContainers,azds.yaml,0,0,0,0,0,0,0,0,0,0,False
eShopOnContainers,values.dev.yaml,0,0,0,0,0,0,0,0,0,0,False
eShopOnContainers,azds.yaml,0,0,0,0,0,0,0,0,0,0,False
eShopOnContainers,values.dev.yaml,0,0,0,0,0,0,0,0,0,0,False
eShopOnContainers,azds.yaml,0,0,0,0,0,0,0,0,0,0,False
eShopOnContainers,values.dev.yaml,0,0,0,0,0,0,0,0,0,0,False
eShopOnContainers,azds.yaml,0,0,0,0,0,0,0,0,0,0,False
eShopOnContainers,values.dev.yaml,0,0,0,0,0,0,0,0,0,0,False
eShopOnContainers,azds.yaml,0,0,0,0,0,0,0,0,0,0,False
eShopOnContainers,azds.yaml,0,0,0,0,0,0,0,0,0,0,False
eShopOnContainers,values.dev.yaml,0,0,0,0,0,0,0,0,0,0,False
eShopOnContainers,azds.yaml,0,0,0,0,0,0,0,0,0,0,False
eShopOnContainers,azds.yaml,0,0,0,0,0,0,0,0,0,0,False
eShopOnContainers,azds.yaml,0,0,0,0,0,0,0,0,0,0,False
eShopOnContainers,values.dev.yaml,0,0,0,0,0,0,0,0,0,0,False
eShopOnContainers,azds.yaml,0,0,0,0,0,0,0,0,0,0,False
tutorial-gke-security,podsecuritypolicy.yaml,0,0,1,0,0,0,0,0,0,0,True
tutorial-gke-security,role.yaml,0,0,0,0,0,0,0,0,0,0,False
tutorial-gke-security,clusterrole.yaml,0,0,0,0,0,0,0,0,0,0,False
tutorial-gke-security,serviceaccount.yaml,0,0,0,0,0,0,0,0,0,0,False
tutorial-gke-security,clusterrolebinding.yaml,0,0,0,0,0,0,0,0,0,0,False
tutorial-gke-security,rolebinding.yaml,0,0,0,0,0,0,0,0,0,0,False
tutorial-gke-security,pod.yaml,0,0,0,0,1,1,0,0,0,0,True
tutorial-gke-security,deployment.yaml,0,0,0,0,0,0,1,0,0,1,True
tutorial-gke-security,rolebinding.yaml,0,0,0,0,0,0,0,0,0,0,False
tutorial-gke-security,secret.yaml,0,0,0,0,0,0,0,0,0,0,False
app-demo-arch,skaffold.yaml,0,0,0,0,0,0,0,0,0,0,False
app-demo-arch,cluster-issuer.yaml,0,0,0,0,0,0,0,0,0,0,False
app-demo-arch,ingress.yaml,0,0,0,0,0,0,0,0,0,0,False
app-demo-arch,linkerd-ingress.yaml,0,0,0,0,0,0,0,0,0,0,False
app-demo-arch,certificates.yaml,0,0,0,0,0,0,0,0,0,0,False
app-demo-arch,history-api.yaml,0,0,0,0,0,0,0,0,0,0,False
app-demo-arch,auth-api.yaml,0,0,0,0,0,0,0,0,0,0,False
app-demo-arch,users-api.yaml,0,0,0,0,0,0,0,0,0,0,False
app-demo-arch,history-postgres.yaml,0,0,0,0,0,0,0,0,0,0,False
app-demo-arch,nats.yaml,0,0,0,0,0,0,0,0,0,0,False
app-demo-arch,auth-postgres.yaml,0,0,0,0,0,0,0,0,0,0,False
app-demo-arch,gateway-api.yaml,0,0,0,0,0,0,0,0,0,0,False
app-demo-arch,restaurants-api.yaml,0,0,0,0,0,0,0,0,0,0,False
app-demo-arch,users-postgres.yaml,0,0,0,0,0,0,0,0,0,0,False
Docker-Kubernetes,config.yml,0,0,0,0,0,0,0,0,0,1,True
course-kubernetes-microservices,skaffold.yaml,0,0,0,0,0,0,0,0,0,0,False
course-kubernetes-microservices,skaffold.yaml,0,0,0,0,0,0,0,0,0,0,False
course-kubernetes-microservices,deployment.yaml,0,0,0,0,0,0,0,0,0,0,False
course-kubernetes-microservices,istio.yaml,0,0,0,0,0,0,0,0,0,0,False
course-kubernetes-microservices,application.yml,0,0,0,0,0,0,0,1,1,0,True
course-kubernetes-microservices,skaffold.yaml,0,0,0,0,0,0,0,0,0,0,False
course-kubernetes-microservices,deployment.yaml,0,0,0,0,0,0,0,0,0,0,False
course-kubernetes-microservices,istio.yaml,0,0,0,0,0,0,0,0,0,0,False
course-kubernetes-microservices,application.yml,0,0,0,0,0,0,0,1,1,0,True
course-kubernetes-microservices,ingress.yaml,0,0,0,0,0,0,0,0,0,0,False
course-kubernetes-microservices,istio-gateway.yaml,0,0,0,0,0,0,0,0,0,0,False
course-kubernetes-microservices,skaffold.yaml,0,0,0,0,0,0,0,0,0,0,False
course-kubernetes-microservices,deployment.yaml,0,0,0,0,0,0,0,0,0,0,False
course-kubernetes-microservices,istio.yaml,0,0,0,0,0,0,0,0,0,0,False
course-kubernetes-microservices,application.yml,0,0,0,0,0,0,0,1,1,0,True
course-kubernetes-microservices,skaffold.yaml,0,0,0,0,0,0,0,0,0,0,False
course-kubernetes-microservices,deployment.yaml,0,0,0,0,0,0,0,0,0,0,False
course-kubernetes-microservices,application.yml,0,0,0,0,0,0,0,2,2,0,True
course-kubernetes-microservices,db.changelog-master.yaml,0,0,0,0,0,0,0,0,0,0,False
